1,希望试剂可以发到全国各个城市，不论发达还是落后。越是落后的省份危机越大，大家防范意识弱，或消息闭塞，医疗不发达无法确诊较多。希望国家给每一个省份发相关试剂，拜托!很多农民工都是从发达城市包括武汉返乡过年，希望重视!
1,我是武汉人我今天出门的时候大多数人都带了口罩我的家人同学也都是尽量不出门的我们也不想发生这种事所以那些地域黑的给我闭嘴
1,只有钟南山院士出来说话大家才相信才踏实！希望我们医护人员平安！
1,医护人员辛苦了尽量减少出入人多的场所吧
1,武汉的宝都注意保护好自己啊其他地方的也是，医护人员辛苦啦
1,这个时候我们的医护人员冒生命危险冲在第一线，向他们致敬！  不希望再出现伤害医生的事件了，没有他们，我们只剩下绝望！  17年前的非典我们都战胜了，我们现在医学更强大了，要相信国家和医护人员，按照专家的建议做好防御
1,这个病是跨年前一天医院内部就通报了，现在快一个月了，学生工人该回家的都回的差不多了，这一点才是最可怕的。
1,经历过SARS的人现在听到钟南山这三个字心里都觉得踏实
1,是冲到前线最敬畏最可爱的人啊
1,愿一切平安
1,辛苦了，所有的医护人员。请爱护她们
1,前方有病毒后方患者追着砍人，到底救不救人了?你们是想全体医疗工作者下岗，自己救自己吗？不要再闹了好吗，每个人活着都是为了生活和家庭幸福
1,出现问题的时候，医护人员，消防人员等总是冲在第一线。希望尽快查出原因，控制局面，稳定人心。
1,愿大家平安，开心过年
1,钟南山老师一出来大家就吃了一颗定心丸，还是钟老师人格魅力和医学成就的伟大！
1,瑟瑟发抖
1,医务人员也要注意防护呀，辛苦了
1,！他们也要保护好自己呀
1,注意防护希望医护人员都能平安
1,钟南山院士们说的隐晦、实际提的建议是封城好吗、但是被国务院拒绝了
1,希望大家都平平安安
1,好害怕啊突然，刚看了个纪录片，好吓人
1,年关将至，希望都能平安无事的过个好年！医护人员辛苦了保护好自己，都要平平安安。
1,强烈建议法律规定禁止吃野味，一定要牢记教训啊！！
1,都要平平安安
1,我不敢开学了
1,前面要去治病救人，挡在一线，后面还有挥起刀子要砍要杀，也有叫嚣着多死几个医生多杀几个医生的人，请问医护人员如何自处？换作任何一个人来干这份工作你愿意吗？
1,辛苦啦，愿一切顺利
1,那个人可能是超级携带者吧
1,人传人啊，大家都要注意安全啊
1,武汉这事大了
1,大家都要注意安全
1,一定要保护好自己啊
1,注意安全
1,能不能把重要的新闻都白天发
1,前有肆虐的病毒后有病人的砍刀为所有奋斗在前线的医护人员祈祷一切平安
1,说传染性低也还为时过早。。。全城几千万人，就检查出200例，如果能有检出率，抽检样本够大，范围够广，才能说明具体的传染性吧，加油吧
1,医生辛苦了！致敬
1,万众一心，众志成城，抗击疫情
1,狙武汉人的评论有什么疾病吗？
1,给快递小哥分享了两个口罩，希望大家不要介意骑手和快递小哥们戴口罩，希望他们也自我保护一下，他们也要接触很多人！
1,这个新闻看着真的很难受心酸，结合着今天的另一个新闻。医护人员真的是秉持着一种大爱来奉献自己救死扶伤冲锋陷阵，却还要承受那样的被伤害。
1,看着很干练，查了一下发现钟院士是1936年出生，现在已经83岁高龄，17年前他就是领衔抗击非典的院士了。祝福老先生健康长寿！祝福及时控制住这次的新型肺炎！
1,先保护好自己，再去治病！千万别遇到狗急跳墙的人了……
1,天佑中华
1,注意卫生，保护好自己，远离病毒
1,所以人都给我平平安安!!真的好怕有人出事
1,心疼啊快点研制出药品或者疫苗什么的吧希望医护人员和患者都会好起来
1,没听错的话钟南山院士表示14名医护人员都是因为护理一名患者而被传染的可能是被这名患者传染也可能是医护人员互相传染？可怕嗷
1,向白衣天使致敬。你们辛苦了。早日康复。
1,一开始就是很明显的人传人迹象，非得大面积扩散了，才承认，现在就想问问这责任谁担
1,希望所有人都可以平安善有善报
1,我真的希望武汉人最近不要外出，不是歧视
1,武汉市，湖北省，一直拖！  到了今天春运高峰才引起中央重视，责任很大。节后估计才是高峰期。
1,医护人员们辛苦了，希望多做防范措施啊。
1,正在上夜班的我看到大家都在抵制伤医杀医事件顿时觉得干我们这行被疼爱的感觉
1,能不离开武汉就别离开能不去武汉就别去，一传十十传百这传染速度太快了，何况还有一些没有被发现的病原体，太可怕了
1,医务人员首先要做好预防了，我们医院已早就进入战备状态了。今年过年不回家了，留下来一起斗争呀
1,半个月了，之前不重视，现在快递停运，口罩都买不到了。必须追责
1,医护人员也要保护好自己大家要记得戴口罩，尽量不去人群密集的地方
1,心疼
1,十七年前，站出来带领医护人员抗击非典的是钟南山教授，十七年后，八十四的他英雄暮年，仍需披甲上阵。十七年，这土地上，终究没出来第二个钟南山。培养一个好医生有多难，毁掉却只需要一把菜刀。​医护人员不畏艰险，为民众看病，不应受到如此的伤害，加强采取更严厉的措施，不要再让医生心寒了
1,哎出事了就是医务工作者辛苦可爱什么的，平时砍死了也有人说活该，真的服了
1,还不确定是否能人传人吗？
1,这个时候我们的医护人员冒生命危险冲在第一线，向他们致敬！  不希望再出现伤害医生的事件了，没有他们，我们只剩下绝望！  17年前的非典我们都战胜了，我们现在医学更强大了，要相信国家和医护人员，按照专家的建议做好防御，就一定能赢。​​​
1,钟院士访问要点1、确认可以人传人，基于武汉和广东案例。2、有医务人员被传染。3、源头目前不清楚，但可能是竹鼠、獾这种野生动物（尽量别去碰野味）。4、如无必要，近期不要去武汉。5、有发热及时就医。6、买不到N95，普通口罩也可以起到阻止飞沫传播的作用（该戴口罩戴口罩）。
1,（跑个题）完全看不出钟南山院士八十四岁了
1,钟教授意思是跟SARS相比弱，但必须尽快控制，否则随着感染传播，病毒还会进化。传播力和毒性都可能随着传播换代突变变强。
1,现在知道科学研究的重要性了吧，关键时刻还得靠科研救命，平时关注度最高的明星们能救命吗，希望不管是国家还是我们个人都要提高科研意识，崇拜科学家，而不是娱乐圈的明星
1,看见钟南山这个名字，我就放心了
1,预防千万条，口罩第一条。不往人群挤，病毒不缠你。洗手很重要，胜过吃补药。通风也要紧，疾病无踪影。
1,请不要伤害医护人员请不要伤害医护人员请不要伤害医护人员
1,悠然见南山！钟院士，稳！
1,18年前靠钟南山，18年后还得钟南山
1,唉，我是一线，看到北京又是伤医，我们真是寒心，真的
1,有点不敢回武汉上学了，希望早点儿解决一下！！！
1,刚好是春运高峰，比较麻烦
1,武汉高校很多，希望大学可以推迟开学，减少春运后的大规模人员流动，不管情况到底怎么样，希望尽量减少人员流动，缺的课可以补，延迟暑假放假也可以，希望推迟开学时间，减少人员流动，我们不会恐慌，相信我国现在的医疗技术，只是希望在这个时候尽量减少人员流动，帮助疫情更好控制
1,我记得之前有个新闻说有人接触野生土拨鼠，得了什么病来着，我忘了，我觉得是不是跟这个有关系啊？
1,又他娘的是因为野生动物，吃吃吃，这些表孙人害死人！
1,防护的那种口罩卖断货了，呵呵！早干嘛去了，还遮遮掩掩，这下人传人了，都是从武汉去往各地的，春运回家，怎么防，来不及了吧！火车上那么多人国家不给他们发点口罩吗？还等着？
1,不只是病人，医生也要保护好自己
1,高度警惕，认真预防，发现问题，马上救治！无知无畏和隐瞒真相，都是危险的。对于武汉有关方面之前的遮遮掩掩，应当立即问责，严惩不贷！
1,这种高度专业的采访还是得白岩松
1,希望大家都平平安安  希望疫情能够尽快得到控制
1,做好防护  不要慌
1,大家千万保护好自己呀！
1,武汉刚出现病毒的时候就开始封闭华南市场，可笑的是在没有确定传染源的时候竟然允许商户把货物带走！谁知道后来货物又流到那个市场！市局领导忽悠人不要慌张，然后自己都不去上班（是不是真的就不清楚了）。现在春运肯定使病毒快速传播。愿武汉安好！
1,这个时候就特别需要医护人员的救治，希望不要再出现伤医事件，把医生护士都杀了，谁来救这些病人呢。
1,国家禁止的东西不要去吃，为什么还非要去吃，吃了你就长生不老了，还是怎么滴
1,致敬钟院士，致敬医护工作者！管住自己的嘴吧！！别总是好了伤疤忘了疼！！！
1,我只看到了，网络延时太严重，我们的5G发展到哪步了
1,老先生敢讲真实情况！确认可以人传染人！
1,人传人带好口罩别去人多的地方勤洗手勤通风别尼玛吃野味了
1,春节将至大家做好防护措施平平安安过新年
1,我相信国家！我相信钟南山老先生！
1,为什么当初瞒报？又是他妈的丧事喜办，众志成城！问责呢？
1,钟院士说的45%集中在武汉的两个区，一个应该是江汉区，另一个有课代表知道嘛，才去过武汉，慌得一批...
1,希望过个好年，大家都能平平安安！！！
1,难道又是美帝国主义的生化袭击？上次的SARS肯定就是他们干的
1,院士大体意思是要引起高度重视，做好预防隔离控制措施。现在疫情发展初期，病毒还存在一定的潜力。当你了解病毒时，病毒也在了解你，所以一定要做好预防提高自身免疫力以增强抵抗力！
1,预防千万条，口罩第一条。不往人群挤，病毒不缠你。洗手很重要，胜过吃补药。通风也要紧，疾病无踪影。
1,总而言之，病毒还在爬坡，现在还不明显，春运之后。。。
1,白岩松老了
1,给钟南山配大G我觉得可以
1,非要吃野生动物！？当地执法部门去干什么了？国家三令五申禁止贩卖和食用野生动物，为什么当地政府还是对海鲜市场大规模贩卖野生动物视而不见？难道不应该追责吗？
1,向钟院士致敬加强防范愿一切平安顺利
1,从12月底公布首例病例后我上下班都戴口罩，我觉得不想给别人添麻烦，我也不想给自己找麻烦。经过快一个月的时间，感染人数有增加，其他地区已发现输入型病例，看来这次的新型病毒还是在发展的。也间接了解到朋友中的医护人员现在都很辛苦，工作也有一定危险。只祈求老天保佑所有人平安
1,大名鼎鼎钟南山，我很小的时候就知道他名字了。
1,课代表总结的重点！  1、确认可以人传人，基于武汉和广东案例。2、有医务人员被传染。3、源头目前不清楚，但可能是竹鼠、獾这种野生动物（尽量别去碰野味）。4、如无必要，近期不要去武汉。5、有发热及时就医。6、买不到N95，普通口罩也可以起到阻止飞沫传播的作用（该戴口罩戴口罩）。
1,还是少出门吧。普通的一次性口罩是不防病毒的。
1,看到评论有很多喷武汉的，发生这种事任何人任何城市都不想，不应该团结起来一起对抗？而不是各种开地图炮，作为武汉人我们能做的就是戴口罩，保护自己的同时保护其他人。过年了武汉人也不会到处乱跑，只是武汉大学生外省人也多，很多事难以避免，每个人都有自己的苦衷。希望大家别再喷了。
1,浙江北京湖北广东大家注意安全出门一定戴口罩
1,不传谣不信谣！出门戴口罩，勤洗手，还有不要乱吐痰！
1,武汉别瞎几把乱跑了
1,又到了需要医护人员冲锋和牺牲的时候了，这10多年里被打被骂被杀太多了，现在的医护人员还有那样的热情去牺牲吗？谁不是家里的顶梁柱？谁不是父母的孩子？
1,我靠我靠浙江台州女孩坐在公交车上有点慌张…
1,武汉，是武汉吗？又是武汉吗？武汉的人一定要多加小心，带口罩啊！快过年了
1,昨天看相关新闻有一条评论“武汉当地人，整个地铁就我一人带着口罩，显得我好另类，大家不要恐慌我们当地人都觉得没啥。”  是！然后你们不防护，互相传染，然后再全国扩散，武汉就不能对自己对别人负责起来吗
1,瘟疫公司即视感，可怕。
1,是吃野味吃的吗？如果是，能不能把那些摊贩全抄了，之前非典玩过一次了，还不怕吗这些人
1,愿平安，大家注意防范
1,GGGGGGGGGGGG
1,杭州的我慌的一批最近还感冒了
1,人命关天新闻下，刷尼玛的G
1,完了，真的感觉武汉人要被全国封杀了！
1,注意安全。该闭嘴的闭嘴。
1,你们都针对武汉人做什么呢？我就不明白了，合着武汉人就像传染全中国呗，这个节骨点能不能别tm搞分裂挑拨啊，在武汉人群不仅自己在重视也在告诫周围的所有人谢谢，没谁想害命
1,不笑天灾人祸，这时候开玩笑真不合适朋友们
1,我姐去一趟汉正街回来就发高烧赶紧去医院了打针了，我昨天晚上朋友约出去吃火锅，我另外一个朋友赶紧给我打电话要我不要出去了，我两天都没出门点的外卖
1,大家注意好防护，尽量不要去人群密集的场所，勤洗手，出门戴好防护口罩！正赶上春运大潮一定要多加注意！
1,一定要引起足够重视，不可掉以轻心。
1,春节将至，都要保重呀！
1,我现在就在武汉，22号的机票回家。我这几天都格外的注意，买了体温计，隔一会儿就测一下，也买了板蓝根来喝。外卖也不敢吃，囤了好多方便面，如果有问题我就不回家了，自己染病都好，不想回家带给家人，也不想带给家乡。
1,武汉封城吧…
1,身处南京旅游的我，生怕暴露自己从武汉来的
1,所以大G到底是什么意思……怎么哪个评论底下都有人刷这不是讲这个症状吗
1,台州人害怕
1,太可怕了，建议出门都带上口罩。别看我们人类现在应用科技好像很发达的样子，生物科技还差远了，要是突然来个流行传染病或者新型病毒，很可能又死很多人。
1,武汉的同志有点危险啊
1,如果说真的传染起来隔离你武汉怎么了？少说过年回家什么的在全国人民安全健康来看你就是少回家一次又怎么样呢？如果说不可控了。你tm的就叫了  怎么早不隔离严检   舍生取义从古到今多少前辈？如今还没要你的命就叫你老实呆着不要乱跑防止传染无辜群众又怎么了？
1,别的不说武汉地区的朋友一定要防护啊是先为了你们自己的生命才是为了其他地区的人别整反了好像外省求着你们防护一样说到底全国人民都希望武汉这次流感能好起来
1,冠状病毒是一类主要引起呼吸道、肠道疾病的微生物。到目前已经知道的人类冠状病毒有6种。其中4种在人群中较常见，一般以上呼吸道感染症状为主。另2种冠状病毒，就是SARS和MERS，具有较高的致病性，可引发致死性肺炎，是目前危害最大、最受关注的新型冠状病毒。
1,属于熬夜人的评论区，我可能猝死在这里
1,天哪，半夜发，太吓人了，突然增这么多
1,画个重点:“发病日期均在2020年1月18日前”感觉还是之前就感染的人，只不过是刚刚过了潜伏期或者刚刚入院检查被收治的
1,快过年了，祝平安健康。
1,确诊不可怕，能控制疫情不大规模扩散就好
1,是瞒不住了都累到这两天，还是一天就新增了啊？
1,请政府向公众积极宣传防护措施，看到相当多人人吊儿郎当的不当回事。积极对我预防才是类似事件成功的基础。
1,微博凌晨看疫情第四天
1,戴口罩戴口罩戴口罩重要的事情说三遍
1,一群熬夜的人在下面评论要健康～
1,祝愿大家平安
1,恰好在春运人口大规模流动的时期，一定要控制住啊
1,大家早点睡觉啊熬夜不好
1,争取不给自己找罪受，不给国家添麻烦。
1,我天呐马上就要过春节了大家一定要哦健健康康顺顺利利的啊
1,谢谢公布出来。
1,n95口罩在连续几天内，京东价格上涨到500%，不良商家发国难财！
1,卧槽，这大半夜的
1,我天
1,天哪突然这么多人…
1,明天坐火车，汉口站，
1,还在高铁上，4点多到武汉站。口罩先带上了，祝愿这些病例早日康复！
1,感觉其他地区的人都在担心，只有武汉人民不慌啊，接近过年开始返乡，其他城市就开始出现病例了
1,天呐
1,怎么办呀
1,现在未知的是潜伏期是多少天？那些药能预防？
1,武汉本地传得挺严重的，不过我身边倒是没有，反正出门戴口罩吧
1,会不会慢慢就这样爆发了，原因到底是什么说是不传染，可是，疫情确实是不断蔓延，而且越来越严重，越来越迅速。
1,昨天播报的新增17例，发病日期均在1月13日之前，今天播报的新增136例新增病例的发病日期在1月18日之前，想想会有多少个这几天内新增的呢？
1,这个春节不出门了
1,我就想知道这玩意到底传不传人？能不能防控？
1,马上春节了，祝福大家安好！
1,第二段话什么意思？就是重新调整了检测方法，以前的方法可能有疏漏，新方法更加准确，所以人数突然增加。那调整之前的检查病人可能会遗漏确诊。实际感染人数可能不少。
1,不在可控范围了
1,控制在武汉不扩散最好    赶紧报告大家什么原因来源起源？
1,这个东西是怎么传染的啊
1,吓人，我都不敢出门了
1,有一例死亡了
1,有多长的潜伏期呀
1,希望大家都健健康康的
1,注意身体呀大家，快过年了！
1,妈呀，大家一定要呀
1,我擦才报道大半夜的
1,希望早日渡过难关，共度平安年！
1,暗戳戳问，有治愈案例的话是不是会好一点？
1,我生病三个月了咳嗽感冒反复前段时间医院说我应该是肺炎了但后来有微有好转我现在看到这个有点怕了因为症状大概除了发热其他都有大半夜咳嗽呼吸不上来咳到吐的感觉
1,此次疫情总体上是可控可防的，大家要客观冷静，不要以讹传讹消极解读，疫情以官方为准，不传谣，不信谣，不自创谣言，要相信主流，相信社会，相信人心，相信党和国家。相关媒体和宣传部门也要注意正面引导保持信息的透明度，及时公开相关情况，消除公众的恐慌情绪。不要给别有用心的人以可乘之机。
1,武汉还是处理的慢了，慢慢悠悠没怎么当回事。
1,愿诸病有情，速脱疾病苦！亦愿众生疾，毕竟永不生！
1,天啊！有点可怕！
1,有点吓人了
1,回首再看下
1,嗯
1,越来越多
1,亲爱的网友们，你们谁知道今年春节期间武汉大学开放吗，我一名河南高中生，我超喜欢武汉大学，想今年寒假去看看，请知情人士回复，谢谢❤❤
1,我们为了生存要积极努力创造美好生活，还要时刻警惕对抗意外和危险，好难哦
1,只怕潜伏期时间越长，患者会越来越多吧
1,最近去公共场合至少还是带个口罩吧！
1,136例里重症30例+危重症3例……1/4进ICU，这个病相当厉害……
1,想起了非洲猪瘟！
1,想知道治愈的方式是什么
1,我天，感染人数这么多了！！！
1,已经快200人了一定小心
1,祝愿大家平安
1,别再有私屠滥宰了！什么都吃病从口入！各地该好好治理一下！
1,过年就不要出去旅游了
1,我好害怕
1,害怕
1,我的妈人民日报这么晚还在营业太辛苦了
1,大家记得注意衛生多用消毒梘液洗手
1,①武汉人民别出来，回武汉的也暂时别回去了
1,真的可以考虑航班封锁了，武汉是源头啊
1,还是希望吃野生动物这个问题得到解决毕竟这是爆发的根源
1,武汉加油！我们一起努力共渡难关！
1,求求三大运营商你们给你们所有用户发个提醒短信吧，爸爸妈妈爷爷奶奶不上微博
1,武汉加油！希望能把我们的关系支持传递给武汉人民，万望平安❤
1,面对疫情，我们在一条船上。现在抱怨牢骚解决不了问题，武汉加油，我们一起加油！我们国家没有什么战胜不了的！  现在需要大家多支持、让医护人员感觉到他们的牺牲值得，鼓励专家提出促成有效的措施，这比现在分辩谁是正确的更有价值。最后一定要相信我们国家，17年前我们能打败非典，现在更能。
1,加油！
1,加油武汉
1,武汉加油！相信祖国的力量
1,天佑中华
1,武汉加油
1,加油武汉
1,医生护士要多注意多保护自己还有医院的清洁员
1,武汉加油
1,我们一起加油！
1,现在应该是，加油，世界了。
1,加油武漢
1,武汉加油！
1,科学防治，全力防控！武汉加油
1,春节流动人口暴增，而且不好管控！武汉是个大城市，前几天我也觉得没什么，今天刷了一天的微博。我开始害怕了，我也是在武汉那边做生意的，过完春节不知道能不能去
1,面对疫情，我们在一条船上。现在抱怨牢骚解决不了问题，武汉加油，我们一起加油！我们国家没有什么战胜不了的！  现在需要大家多支持、让医护人员感觉到他们的牺牲值得，鼓励专家提出促成有效的措施，这比现在分辩谁是正确的更有价值。最后一定要相信我们国家，17年前我们能打败非典，现在更能。
1,向你们致敬
1,致敬一线工作的英雄们也请注意安全防护
1,三大运营商你们记得给用户发个提醒短信吧，爸爸妈妈爷爷奶奶不上微博
1,非要去吃什么野味啊什么的。既伤害动物，又伤害自己，那么大的野生贩卖市场，早就该关了！求求未来别再吃了
1,向一线医务人员致敬！
1,①出门最好戴口罩勤洗手‼️②咳嗽或打喷嚏时捂住口鼻避免唾液飞溅‼️③将肉类蛋类禽类彻底煮熟‼️④避免与呼吸道感染者接触‼️⑤避免近距离接触野生动物和活牲畜‼️‼️⑥不要随地吐痰‼️⑦尽量避免去人多的地方‼️⑧有发热咳嗽现象一定要及时就医不要拖‼️⑨不要食用野味‼️
1,致敬！
1,辛苦了！向所有前线医务人员致敬！请大家一定做好防护！！
1,看到这一幕幕，真的落泪，致敬这些可爱的医护人员，也请保护好这些珍贵的医务工作者，把伤害医生的神经病判死刑
1,致敬！
1,你们辛苦了
1,医护人员加油，愿你们平安，都保护好自己啊
1,谢谢，真的辛苦了
1,致敬医务人员
1,致敬一线的医护人员！
1,向白衣战士致敬！！！！
1,向白衣天使致敬！辛苦了
1,致敬，你们也要小心啊！！！！
1,致敬一線的所有白衣戰士請你們也要好好做好防護措施好好照顧好自己這場疫情防控戰我們一定會戰勝的辛苦了[愛你]加油
1,赶紧让客运人员也做好防护措施吧，人流量这么大连个口罩都没有
1,向坚守在一线的医务人员致敬，你们辛苦了祈祷这场灾难早日远离我们
1,致敬每位医护人员愿大家都平平安安
1,辛苦了
1,你们辛苦了！
1,用生命在工作的天使
1,17年前因看病差点被困北京17年后成为了一个医务工作者是这群人被砍也是这群人在坚守他们是在守护大众的健康一定会胜利的
1,辛苦了！！！向您们致敬！！！望平安！
1,谢谢你们
1,四川人民发来慰问，一线医护人员你们辛苦啦！武汉加油，全国人民支持你们，挺住，撑住，我们都很牵挂你们，祝病者早日康复
1,四川人民发来慰问，一线医护人员你们辛苦啦！武汉加油，全国人民支持你们，挺住，撑住，我们都很牵挂你们，祝病者早日康复
1,湖北坚持住，相信国家！
1,致敬辛苦了
1,谢谢
1,不要忘记北京朝阳陶勇医生！！！！
1,一定要保护好自己，家人在等你。
1,大家都辛苦了加油武汉，万众一心打赢这场疫情防控战
1,有什么办法让家里长辈重视我真的说了好多油盐不进对牛弹琴感觉…
1,辛苦了武汉加油
1,就这样还天天医闹呢，能不能长点心！人医生得罪你了？
1,请不惜代价保护好医务人员，他们是这场战役的一线战士
1,他们也是奔赴战场把生死置之度外的勇士！
1,辛苦了，但是现在是不是应该各个市包括乡镇排查一下所有近期去过武汉的人呢？这样会不会更加有效的控制传播速度？
1,致敬
1,辛苦啦，我们的白衣天使
1,致敬，万众一心，众志成城！
1,辛苦了
1,真的辛苦啦
1,致敬加油！
1,辛苦了！保护好自己!武汉加油！
1,感谢白衣战士！
1,看哭了
1,加油，请一定要注意安全呀！
1,致敬，感恩。前线的医护人员。你们辛苦了谢谢你们
1,致敬！辛苦了！❤️
1,致敬感恩
1,辛苦了！望平安
1,不计报酬无论生死  致敬所有医护人员
1,医护人员都辛苦了！挺住啊！
1,感谢有你，岁月静好，总有人为你负重前行
1,感谢守候，你们辛苦了！
1,向你们致敬！
1,感谢辛苦了
1,不吃野味也不会出这么多事气死了气死了气死了气死了气死了！！！
1,三大运营商给用户发个提醒短信吧，爸爸妈妈不上微博
1,目前爆出来的都是一二线城市，可明明三四线小城市外出返乡、乘铁路的人更多，隐患不是更大吗？想问三四线城市有没有检测措施？
1,各大通讯行业发挥你们的作用吧发条信息提醒大家让大家重视起来希望大家都平安前线的医生和工作人员都辛苦了。致敬！武汉加油。我们一起共度难关。
1,希望电视剧播放电视广告过程可以插播提示消息，还有三大运行商短信提醒（仅个人希望，请勿杠）
1,现在希望所有人众志成城，抗击病毒，不分天南地北人人有责
1,请求新闻滚动播放，加强中老年防护意识。请严格把控口罩价格，打击不良商家特殊时期哄抬物价。企业应该把社会效益放在首位，实现经济效益与社会效益的合理结合希望大家都平安前线的医生和工作人员都辛苦了
1,别啊！一刷微博就加几例
1,让长辈们戴口罩比他们让我穿秋裤都难
1,没有中招的省份千万不要再中招了天佑我中华湖北挺住！
1,我感觉我刷一次微博就会出现新的病例
1,我家全靠我实时在群里播报信息
1,我妈都嫌我唠叨了但我还得说空气干不干净真的不是你肉眼看得见的！！！一定一定出门戴口罩！！！医用外科口罩！！！实在不行普通医用口罩两层！！！
1,相信我们国家相关部门一定能解决这次的疫情，自己做好防护措施，也希望那些确诊的病人早日康复，同时感谢前线的医护工作人员！！！
1,求求大家过年都待在家里吧真的不要再出去了
1,湖北居住史或旅行史都不限于武汉了
1,我叫我妈戴口罩她居然跟我说是想学G独一样搞对立吗气死我了气死我了气死我了
1,或许大自然在警告我们
1,广东的17例都在哪啊？
1,从武汉回来10天了……多久无症状可以确定没事？
1,汕尾呢
1,三大运营商给用户发个提醒短信吧！！！爸爸妈妈不上微博
1,我家人就说完全没事，还嫌弃我啰嗦，请让他们也重视。而且也不戴口罩
1,挺住啊，春节过后又是一大批返回的，到时候岂不是更加难以控制联通移动电信这时候可以发一些短息了，有些长辈不看网络都不清楚这些
1,这个春节过得心惊胆战
1,搞的过年都人心惶惶的。
1,请发挥舆论作用将信息都传播给每个人让他们都注意起来吧我爷爷奶奶还说不相信这些
1,好可怕！！！
1,希望可以多次上新闻，引起人民重视！我父母完全都不在乎！严格把控口罩的价格！谢谢！
1,少吃野昧，少贪嘴吧！！！！爱惜生命是对家人的一种责任！！！
1,我们不愿意出行就是为了减少感染可能，不占用公共卫生资源，结果这些家大业大的航空公司根本不在意！
1,有病例的地方机票能不能也免费办理退票啊
1,而且现在退机票手续费要90%，当时看的时候这个时间的机票都是贵的要死，现在出事了机票价就疯狂降，这个损失就得消费者自己承担吗当时我们买机票的时候也没通报啊亲，能不能考虑考虑啊
1,只是免费办理手续费还是扣啊
1,等待铁路部门推出相应政策希望大家健康过年
1,大家都加油做好预防近期别去武汉了！都要重视起来！
1,那个私家车高速出口入口是不是应该也要纳入检查范围了
1,相信国家
1,其他地方机票呢？我们也是一改再改呀
1,现在疫情还在扩散中，减少武汉的客流量也是为之后的封城做准备吧
1,这鼠年真不是什么好年，鼠身上都是病毒，这新年才开始就出病毒
1,我从上海回到了湖北……现在还没买回去的票，看看情况吧，家里待着还是安全些，动车什么的人也很杂很多
1,已经不得已申请自愿退票的退票费还有希望退回来吗？
1,去哪儿网说四川航空没有接到通知，不给退！！
1,大家自己做好防护!密集的人群里戴口罩!春节不要到处乱跑!保护别人保护自己!相信国家的力量!别被人带了节奏!一切都会变得更好的!
1,我好慌报了明天的滑雪还去不去
1,武汉加油
1,武汉能不能封城啊
1,并没有，携程上还是扣了500多块钱
1,武汉周边城市怎么样啊
1,真的是人心惶惶的了
1,河北的我瑟瑟发抖
1,还是没逃过
1,除了郑州河南的其他地方有检测条件吗
1,我河南
1,保佑我大河南啊
1,请求新闻滚动播放！！！！！！！
1,人口大省又紧邻湖北避免不了的…
1,平安！！！
1,喔喔喔喔，算了，可能还有更多
1,卧槽？
1,唉
1,害怕了害怕了
1,唉
1,卧槽，河南人瑟瑟发抖
1,这人是脑子有病吧，明知道有症状还要回家治。是怕自己家里人抵抗力高传染不了，还周口郑州的跑，接触多少人，唉
1,加油(ง•̀_•́)ง
1,作为湖北省其他小城市的人，我现在有一点点慌张
1,大家做好措施
1,河南卫计委公布的信息太少，发病到发现中间间隔好多天，中间密切接触者的防控情况没有说，有多少密切接触者，现在什么情况，去过哪，这个病主要是传播，建议关注弄清，在他们官方微博一询问这些情况就被删，几个意思，问的不对吗？建议人民日报关注
1,滚动播放加科普防护意识吧真的！我给我爸我妈说了我爸非说我想复杂了
1,我妈说我比市长还操心
1,说三门峡有俩确诊了不知道真假我可怕我三门峡的
1,江苏挺住啊挺住挺住
1,河南也有了！愿早日得到控制！
1,我天刚刚保佑不要有河南这就来了
1,大河南人这么多人流量又大，有点方
1,为什么武汉周边没有数据？
1,没事不要出门去人员混杂的地方，出门要戴口罩！
1,北上广深港，就剩广州没有沦陷了。。。挺住了广州。。。武汉加油
1,uvex也是n95，阿里巴巴3-5块，顶我上去
1,吃吃吃吃的全国都危险
1,29号发热，7号才就诊，这期间接触了多少人啊，自己不当回事还得拉上其他人！！！
1,愿早日康复，做好隔离防护措施
1,①武汉人民别出来，回武汉的也暂时别回去了
1,我慌得一笔…我老汉儿:哪里有你们说的这么吓人喲，一天鬼吹神吹！再次恳请能通过三大电信平台发短信告知一下像我爸爸妈妈们一样的七大姑八大婆们
1,请严格把控口罩价格，打击不良商家特殊时期哄抬物价。企业应该把社会效益放在首位，实现经济效益与社会效益的合理结合
1,病源武汉100%
1,求求新闻滚动播放家里人根本听不进去
1,现在国家比我们还着急，新病毒感染途径和特征需要时间去研究，我们需要做的是  1、没有特殊情况，老老实实家里呆着2、命比过年重要，实在不行就异地过个年3、不要侥幸，认真按照专家的话做好防御4、相信我们国家的实力，17年前我们能打败非典，现在更能。
1,都在野味上栽过跟头了。为什么还要吃野味     野味有什么好吃的，，真是服了
1,各地的病毒感染者大多到过武汉。这些外地感染者应当是到过武汉的不同地方……做个不太严谨的倒推，这是不是意味着，武汉当前携带病毒的人数已经很多很多？而且分布在武汉的很多地方？病毒正在从武汉这个“重灾区”向全国辐射。如果能严守住“重灾区”，让灾情不再外流，那这场防疫战就打赢了一半。
1,复旦儿科的到底是不是真的？？？！！！
1,一直在扩大.......唉！平安平安平安！
1,刚退的   收了退票手续费的怎么办
1,现在国家比我们还着急，新病毒感染途径和特征需要时间去研究，我们需要做的是  1、没有特殊情况，老老实实家里呆着2、命比过年重要，实在不行就异地过个年3、不要侥幸，认真按照专家的话做好防御4、相信我们国家的实力，17年前我们能打败非典，现在更能。
1,我哭了，下午三点多才退的票，收了80元手续费
1,建议途经武汉的高铁票也应该允许免手续费退票
1,能不能到其他地方的也不收退票费
1,我下午4点半退的从武昌站出发的票，还是扣了手续费，虽然是在12306app退的
1,武汉要平安啊啊啊呜呜呜
1,大家都尽力了！能不出来就别出来能不去就别去了！
1,我服了我早上刚退的五十多的手续费。。
1,湖北省其他地方的车票呢
1,中午退的票能把退票费还给我吗
1,好决断
1,口罩的价格一直再涨
1,挺好
1,我退早了？还扣了50块手续费
1,希望能够扩大宣传渠道
1,这个很可以
1,建议口罩价格严格管控，现在发微博声明没用了，相关部门重拳出击吧
1,1⃣新闻滚动播放，发短信提醒重视2⃣管控口罩价格，保证口罩供给3⃣注意经过武汉流动人员4⃣给春运工作者发放口罩
1,平安健康第一，等大家扛过去困难健康的再见也很好
1,口罩涨价厉害
1,就差了
1,真的要委屈一下武汉市民了非常时期，非常手段！
1,刚才退了广州到武汉的票收了10%的手续费，返程退票收了5%怎么回事？
1,刚刚致电12306询问退票手续费情况  回复说没有接到通知
1,昨天就退票了，收了20%的手续费
1,早上新闻就发了，然而白天退票的都收取了手续费，强烈请求免今天退票的手续费！！！
1,到24号，时间太短不够。我春节后回北京。策策发抖，能不能退票。上不上班，公司还没有出通知。
1,途径汉口的就不退钱吗！
1,现在忽悠武汉人能不出来就不出来等多提下拜年的事吗？有些人觉得拜年和出门是两码事，过年一定要串门要团圆
1,我早上退的，咋办啊？12306扣我钱了，还扣了我百分之二十
1,我也就奇了怪了  湖南这么近竟然连一个疑似病例都没有？  我感觉很不现实啊
1,经过武汉的咋办
1,强烈建议途径武汉的也免退票手续费！！！
1,中老年人根本就不重视！！！！
1,新闻联播滚动播放！！一定要滚动播放呀！！
1,能不出武汉就别出武汉。。。能不来武汉就别来武汉。。。武汉挺住了
1,这死亡率已经很高了！
1,大家都注意卫生，勤洗手，少去人口密集的地方
1,东北现在都有疑似病例了，有点怕
1,强烈要求电视也要广播啊
1,需要转车回家过年的，请不要去武汉转车了，旅游的也不要去了，武汉人民一定保护好自己，全国人民都要有这个意识
1,大家都做好防护工作，保护好自己，一定可以渡过这次难关！
1,你们怎么都在说爸妈不重视，我天天窝在家里睡觉，今天回家，我妈一开口就问口罩戴了吗，千万千万一定不能摘，再难受也要忍住（我从小就讨厌口罩帽子围巾这些东西）
1,电视上也要滚动播报啊，父母根本不重视，很多人都不知道情况，跟他们普及也听不进去，觉得小题大做，电视多做普及吧，起码引起重视
1,加强相关科普加强防范措施宣传干预管控口罩价格最大程度减小人口流动团结起来共度难关加油
1,强烈要求有关部门控制一下口罩价格！！！
1,呼吁！现在能不到武汉去就不去，武汉人能不出来就不出来非常时期非常手段
1,口罩价格！！！
1,想问一下...治愈出院后确认不会再传染给其他人吗...（dbq我无知）
1,武汉加油！！！大家都要注意啊！！！
1,截止20日24时，湖北总共270人，其中武汉258人，那其他12人在哪？能公布其他12人在湖北哪些市吗？真的很怕
1,我们在武汉的要乖乖配合哦口罩带起来不要到处跑一起加油
1,请政府严肃治理病毒发源地，华南海鲜市场，该市场宰杀动物价格明目触目惊心，惨无人道，请严厉惩治滥杀野生动物的行为，从根源上系统上解决问题！！！
1,武汉平安
1,武汉挺住
1,一定要挺过去啊拜托
1,新闻滚动播放谢谢了跟家里人说他们根本不听不信
1,希望国家这次可以有一说一，不要对老百姓进行“善意的谎言”，我们相信国家，也希望国家对百姓诚信
1,武汉加油一定可以过去的
1,武汉加油
1,㊗平安，好好过个好年
1,武汉加油啊啊啊啊
1,大家都去浏览器，公众号，开号，写一点《吃野味生不了男孩》《吃野味会洋伪》的文章直击痛点，能减少百分之95的消费群体
1,真的要委屈一下武汉市民了非常时期，非常手段！
1,希望所有医护人员平安
1,全国各地都要加油
1,武汉加油！不做无脑地域黑
1,控制口罩价格控制口罩价格控制口罩价格控制口罩价格控制口罩价格控制口罩价格控制口罩价格控制口罩价格控制口罩价格控制口罩价格控制口罩价格控制口罩价格控制口罩价格控制口罩价格控制口罩价格控制口罩价格控制口罩价格控制口罩价格控制口罩价格控制口罩价格控制口罩价格控制口罩价格控制口罩价格
1,口罩的价格希望有人管一下，已经天价了
1,武汉加油！大家一起加油
1,加油
1,加油！出门戴口罩，安全你我他
1,拜托新闻滚动播放吧我爸妈都不重视我已经调成新闻频道了
1,辛苦了武汉加油！！
1,希望可以通报一下武汉周边，每天瑟瑟发抖
1,武汉加油！我们公司今天批准在家办公了，形势越来越严峻
1,加油
1,加油
1,拜托了
1,武汉加油中国加油
1,辛苦啦
1,武汉加油，祖国加油(ง•̀_•́)ง
1,武汉加油！
1,加油加油
1,众志成城！武汉加油！
1,加油！！！！一定会好的，都会健健康康的
1,加油
1,加油！众志成城，共渡难关！
1,愿平安
1,江苏这是被包围了吗
1,已经到安徽了吗……
1,海南怎么也有了?!
1,短信通知新闻滚动吧求你们了大家都不相信怎么重视别说七大姑八大姨了我截图发到朋友群里大家都说我大惊小怪可这真的很严重啊
1,海南竟然也有了！！！可怕！！！
1,已经这么多省份了啊
1,希望会过去哒
1,福建瑟瑟发抖
1,害浙江啊我家这都有了
1,重庆暂时安全的
1,大家小心点
1,大家做好防范措施，戴口罩勤洗手，也不要太惊慌。毕竟武汉市人流量也很大，之前前往后返程的应不在少数，应该关注这些人后续的及时隔离和治疗，防止出现其他省的传染！！
1,戴口罩勤洗手
1,相信我们国家相关部门一定能解决这次的疫情，自己做好防护措施，也希望那些确诊的病人早日康复，同时感谢前线的医护工作人员！！！
1,大家出门一定要记得戴口罩，身体健康最重要
1,大家保护好自己！希望早日找到解决办法
1,注意卫生健康，出门别忘了戴口罩
1,出门记得戴口罩
1,加油
1,安全最重要！
1,管控还需加强呀
1,浙江怎么突然这么多了？？
1,湖南没有✌️
1,出门戴口罩，注意个人卫生，勤洗手
1,湖南省瑟瑟发抖
1,安徽也有了？？卧槽。
1,封城吧
1,很多中老年人戴口罩只在没人的地方戴，一旦进入了人群密集的地方，有熟人在，就会觉得没面子，在最应该戴上口罩的地方取下口罩，总觉得在这种“绷面子”的场合不能“特立独行”，抱有侥幸心理，觉得不可能传染到自己，甚至觉得在这种地方戴口罩的人“脑子可能有点问题，不懂事”。呜呼哀哉！
1,陕西挺住！
1,怎么把江西都传染了。求求国家快把武汉封锁吧？
1,原来南昌是真的
1,吉林都！
1,昨天显示武汉市！！今天就湖北省了！！！害怕啊！！本来以为湖北其他地方没有的
1,武汉加油！大家都要好好的！
1,大家记得出门戴口罩保护好自己
1,新闻滚动播放！！！大家多给中老年人宣传一下，现在好多中老年都不相信疫情的严重性！一定要重视起来，平平安安的
1,要对武汉倒查追责！
1,现在国家比我们还着急，新病毒感染途径和特征需要时间去研究，我们需要做的是  1、没有特殊情况，老老实实家里呆着2、命比过年重要，实在不行就异地过个年3、不要侥幸，认真按照专家的话做好防御4、相信我们国家的实力，17年前我们能打败非典，现在更能。
1,求求中央了什么社交软件都做一些宣传工作吧新闻联播滚动播放家里人都不相信不重视啊
1,江苏江苏挺住！
1,啥时候通知不开学了家长才能意思到吧，我妈今天跟我说多吃蒜瓣就行了
1,还剩下福建，湖南，江苏，甘肃，青海，西藏，新疆，内蒙古，黑龙江，辽宁，河北，陕西，重庆，河南
1,注意个人卫生，前往人流密集场所注意佩戴口罩。如有发热、呼吸道感染症状，特别是持续发热不退，要及时到医疗机构就诊。
1,武汉加油！
1,中国加油！武汉加油！众志成城！共御病毒
1,新闻滚动播放！！！大家多给中老年人宣传一下，现在好多中老年都不相信疫情的严重性！很多人都不知道情况，跟他们普及也听不进去，觉得小题大做，电视多做普及吧，起码引起重视！又逢春运，人流密集，再不重视，不提前预防，更是让人担忧！！！
1,福建人民平安
1,山西稳住！！
1,陕西还没有
1,控制一下口罩价格吧，飞上天了都
1,新闻滚动播放！！！大家多给中老年人宣传一下，现在好多中老年都不相信疫情的严重性！很多人都不知道情况，跟他们普及也听不进去，觉得小题大做，电视多做普及吧，起码引起重视！
1,现在有口罩卖得巨贵
1,现在n95口罩
1,只有普通口罩
1,口罩没想到我的身价也挺高
1,口罩现在也太贵了
1,我口罩都买不起了
1,严格控制口罩价格，打击不良商家特殊时期哄抬物价。
1,76一个的口罩
1,快给中老年人普及一下吧，我们天天冲浪的人害怕的要死，他们一个劲往人多的地方跑
1,国家能组织力量制造一批口罩吗？现在物资奇缺
1,N95快50了
1,预防新型冠状病毒，最重要的第一招戴口罩
1,发国难财赚棺材本的不管一下
1,一定要看科普啊，不要嫌麻烦
1,俺娘在医院工作  刚打电话直接让她带些医用口罩回来就很方便
1,以前买过一盒留着骑车时候挡风，现在正好能用到
1,愿平安
1,得买得到啊
1,要是买不到口罩………能拿啥代替一下吗
1,防PM2.5的口罩有用嘛？
1,外科口罩是一次性的，不可重复使用；摘口罩的时尽量不要触摸口罩的外侧，摘下口罩后记得立即洗手。
1,戴口罩
1,特殊时期，特殊防护！一起渡过难关
1,加油，一起顶贴，让更多人知道
1,现在口罩太难买了，而且开始涨价，最关键有的还是预售，是太紧张成本增加吗？
1,新闻播报一下吧，家里老人都不知道，还说我大惊小怪
1,"你好，编辑，我知识浅薄读书少不太懂法律,请问这次病毒跟野味有没有关系，卖野味吃野味到底合不合法，如果不合法，市场监察局不应该天天下户稽查吗？如果合法，那应该由卫生局给出那些野味没有病菌可食用。总不能每次都是因为个别人嘴馋，搞得我满城风雨，八十四高龄的钟老师还得在大过年的去一线战斗"
1,转发:未来一段时间，大量沾满唾液、细菌甚至病毒的一次性口罩将会出现在各个城市的垃圾桶，如果处理这些一次性口罩，也是需要相关部门需要考虑的问题，不要让本应该保护我们健康的口罩成为新的病毒传播物。
1,口罩好贵
1,现在好难买到了吧！
1,口罩的价格啊啊啊啊啊啊啊啊！过分了吧
1,大家出门戴好口罩，勤洗手，做好防护
1,新闻滚动播放！！大家多给中老年人宣传一下，现在好多中老年都不相信疫情的严重性！很多人都不知道情况，跟他们普及也听不进去，觉得小题大做，电视多做普及吧，起码引起重视！
1,阿里巴巴还有洛华！赶紧去买
1,昨晚看的一次性外科口罩33.2一盒，今天早上一看已经98一盒了
1,口罩买不起了！
1,全脱销了买啥啊
1,外科口罩是一次性的，不可重复使用；摘口罩的时尽量不要触摸口罩的外侧，摘下口罩后记得立即洗手。
1,码起来！
1,买不到咋办呀？？！！
1,带好积极预防！保护自己，保护家人
1,大家注意保护好自己
1,转发微博
1,大家一定要做好预防工作噢，get戴口罩的正确方法，积极配合预防新型冠状病毒，从你我做起
1,戴口罩，勤洗手，减少密集接触人群，不信谣传谣，一起努力做好防控
1,戴口罩
1,戴好积极预防，保护好自己和身边人
1,恳请大家务必提高警惕，尊重生命，注意安全，减少出行，戴好口罩，注意个人卫生。我们努力的一切，都只为平安喜乐。宇宙星辰浪漫，生活点滴温暖，都值得我们前行。还要看很多风景，还要赏很多鲜花。中国加油。
1,拜托了捞捞我能不能让所有在人口密集区域工作的人员必须佩戴口罩交叉感染容易引起变异人口流动工作特殊性容易受到感染并感染别人你真的不知道你接触的人中是不是就有在潜伏期的携带者现在致死率低只是前期这个病没有药只能靠免疫力和激素激素即便治愈也可能会有后遗症人的生命健康应该放在任何事情前面
1,希望一切都好起来大家出门戴口罩哦
1,买得到嘛现在......供不应求啊
1,现在买什么口罩好呀，有人有链接吗
1,戴口罩！一定要！
1,收到！！
1,我急得要死，父母却不听。
1,戴了戴了！
1,收到！
1,有没有口罩一个给我
1,建议各个电信运营商全覆盖发短信通知
1,那些说什么只有武汉人自己不知道自己被隔离了的憨批这种抖机灵真的是让人作呕
1,武汉人民一定要挺住啊
1,上海那两例真的让我无语，是两个小孩子，父母直接开私家车从武汉到上海，小孩子病重了又偷摸送到复旦儿科去看病，能不能tm有点责任心？那层楼其他看病的小孩子怎么办？这样真的很容易扩散
1,私家车出武汉不要“抽检”，全部检查吧……
1,全国人民支援武汉人民
1,我作为武汉人就没想过出城，要跟我大武汉共患难
1,问一下，要是到时候过完年，还要我们大学生及时回学校吗，现在连口罩都买不到
1,要不是瞎吃那些东西，会得吗？谁倒腾那些野生动物谁吃的？都是历史的罪人！自己不想活自己死，别连累那么多普通民众！整天吃些乱七八糟的野味，自己找死还传染别人！作孽
1,刚退了从武汉飞深圳的机票，南方航空公司趁火打劫一大笔，还说是我自己不去坐飞机的
1,恐怖了，一大批人已经返乡过年去了
1,重庆国庆假期为了旅游管控天天短信轰炸鼓励重庆市民不要外出，建议武汉借鉴这个经验，真的要短信通知到位，虽然成本可能高，但在生命面前一切都可让步！
1,所以武汉不能延迟开学吗
1,我呼吁了几天了，武汉中午迈出了一小步，虽然采取非典措施有点晚，但是还是清醒的认识到了武汉的疫情，渣浪封我的帖子是错的，渣浪该道歉！！！！！
1,我只希望延迟开学到风波平息，课可以补。还有短信宣传严重性，不然家长根本不重视，他们也不看新闻
1,真封城吗
1,买口罩都是年轻一代，貌似年轻人才是惜命主力军，年轻人更是平时街头麻辣烫的主力军，现在火车站地铁口全副武装戴口罩都是年轻人
1,终于封了……
1,只是钟院士出来说了实话，武汉的官方才出来说话，之前干什么去了
1,我发现你们很多人对封城的理解有误，封城只是严格限制进出而已，目的是防止扩散，然后集中把武汉的患者治好不就完事了？怎么感觉你们一个个说的好像国家要放弃你们武汉了一样。再说就算封城，你们待在家里不外出也不会被感染啊
1,电视拜托也多发发吧真的家里老人都不知道说了还不相信这个的严重性   真的很严重！！！！
1,我真的是，武汉重不重视是weibo治国就能一竿子打死的吗？有限人传人到确定人传人也需要疫情研究人员工作确认啊，快速检验盒还不是需要时间研发，所以才有数据上的人数爆发啊！旅游和医疗两边沟通确实可能出现了问题导致活动没及时暂停宣传，但现在已经取消了。对国家工作也多点尊重别完事先怀疑行吗
1,武汉人民忍一忍，大家都在支持你们，平安
1,事到如今该做的都做了，新闻也说了。这个锅就该武汉人背是没错。但是不至于骂吧？各种喷。我武汉人我还纳闷怎么自己摊上事了。当初非典喷广东，如今喷武汉，有啥喷的，有喷的脑子不如大家互相帮助共渡难关。记住一点，昨天广东，今天武汉，明天就有可能是你的家。
1,好的，武汉人真的没有到处跑，之前会过年出去旅行，现在和朋友们都老老实实，哪都不去啊除了每天上班啥都不干，还是天天被人喷，我们普通武汉人太难了
1,根本没封城这种说法  键盘侠们安顿下吧
1,封城了吧快！！！！
1,这个时候了，评论下面一些营销号都死码了吗。。。。到处蹭热搜。粘贴复制有意思吗。。。。
1,别去武汉别离开武汉
1,希望武汉的所有大学推迟开学！！为了百万大学生着想！！！！
1,最可怕的是开学还有一大批大学生开学
1,顺便调控一下口罩价格，谢谢
1,武汉站现在并没有体温检测，进站流程和平时并无二样，仍然是先刷身份证然后行李安检就通过了。请问新闻所说的加强管控体现在哪里？
1,武汉人加油鸭！！！！照顾好自己听到了吗！！！！
1,真的该限制出入了。。。
1,武汉人民在家好好待着别乱跑了，大家都要平平安安
1,确实是，武汉但凡在2019年12月底的时候引起重视，就不会搞成如今局面，哎
1,新闻滚动播放！！！！要让老人父母都重视起来
1,我是外地人在武汉，已经不准备回家过年了，把买好的票都退了，我爸妈也很担心我的健康。但是我就呆在武汉，武汉人民也很注意，并没有歌舞照旧，街上没什么人，也都戴口罩，甚至我还在上班，因为没有放假。在武汉的广大人民身在疫区，最有可能感染，还被大家喷，真的让人很沮丧。真的。
1,太失望了，评论里感受到满满的恶意…
1,武汉周边小城呢，求重视武汉城市圈，又称武汉“1+8”城市圈，是指以中国中部最大城市武汉为圆心，覆盖黄石、鄂州、黄冈、孝感、咸宁、仙桃、潜江、天门等周边8个大中型城市所组成的城市群，武汉为中心城市，黄石为副中心城市。除了武汉这些地方呢？当然还有更多，湖北省内都应该重视
1,我好好的那也不去戴口罩勤洗手麻烦你们也抓紧研究不谎报不满报，医务人员注意安全我就卑微的想好好过年然后活下去谢谢你们麻烦了
1,1月7日找到病毒1月10日搞清DNA排序1月13~14日开始陆续有试剂被研发出来1月17~18日试剂开始起作用1月19～20日出现确诊数据并且钟南山院士出征武汉回应疫情  很拼命了，真的。
1,支持国家，必要时派喷子慰问前线。
1,说“早干嘛去”的人脑子是不是不好使？这个病从刚开始发现人民日报就有发过疑似新型病毒吧？不研究怎么确定是不是？怎么确定是否具备传染性？没确定之前那些就是谣言，辟谣有什么不对？任由谣言在网上传播引起恐慌吗？这不到一个月是多少人努力才能得到现在公布的结果，就由喷子用键盘守护大家健康？
1,物理隔离，一直是最有效的方法，跟武汉人民站在一起，加油加油。
1,前段时间武汉人不是还牛逼哄哄地说我们不戴口罩，该集会的还集会，该逛街的还逛街吗？说得好像很光荣似的。
1,武汉政府怎么不重视这个事情了，从只有几十的时候就开始上报了，以最快的速度把病毒序列弄出来，一直都向中央上报，向国际上报，还要怎么做？封城怎么封？武汉各种大学就一百多岁，外地人口差不多两百多万，将近三百多万
1,武汉的朋友们，出门记得戴口罩
1,武汉的朋友真的不要出门了！
1,都传到国外了！！！对武汉采取措施吧！！
1,请重视，尽量不要外出
1,说真的，大过年的，在家里呆着不好么？
1,美洲和非洲有没有案例
1,这，接触感染率也太高了吧
1,好可怕。。。。
1,天哪
1,哎
1,。。。
1,感觉就是从开始觉得没什么不慌到现在传播的越来越厉害。可能都过了潜伏期开始爆发了。平安平安
1,真•全球性事件了…
1,简直了
1,我就想知道，是怎么引起的，怎么突然就有了
1,出现儿童疑似病例了！
1,一开始没引起重视   现在又正逢春运   大规模的人口迁徙    太可怕了
1,长滩岛
1,！！武汉的小朋友们！近期乖乖待在家里就好啦听从政府指挥！大家会一起团结扛过的
1,一群2喷子  瞎叫唤  北京非典的时候我就在北京上班  都是一样就是多注意  外地大货车也是一天一趟车  送货就是检查的仔细
1,从侧面看，武汉人过年应该比较爱出国
1,我们武汉人没有必要还是别出去了，为自己，为大家。
1,恰逢肺炎病毒已转移人们注意力，十二点半逐渐休息，公众给你这么多天时间调查，而你却深夜悄悄发一条答非所问，逻辑紊乱的微博短文敷衍公众，Gu宫你诚意何在？早上就降热搜，难道连给公众道歉也不敢大胆公开？！大众需要事情的真相，特权背后到底是谁撑腰？涉及到哪些利益问题？！！
1,我觉得一旦出现这种疫情，恐慌比不恐慌要好阿，恐慌一点大家就会小心翼翼。不恐慌的结果就是造成大面积传播
1,不懂那些这种时候非要跑去武汉旅游再回来的人是怎么想的
1,预防千万条，口罩第一条。健康第一位，不要吃野味。不往人群挤，病毒不缠你。洗手很重要，胜过吃补药。通风也要紧，疾病无踪影。
1,真心希望大家过年不要乱跑，出入公众场合戴口罩！大家想想有些地方医疗水平完全不如我们国家，如果真出了问题怎么办！新春佳节在家里陪陪家人也很好了！
1,真的，别跑了，一个假期不旅游不会怎么样的
1,说封城的想想吧事情绝对比我们看到的更加可怕武汉也只是想瞒一点不想让大众恐慌封城应该已经开始封了所以不要惊慌好好做好防护措施
1,武汉的别闹了好吗，
1,我擦！！！！！！
1,不是地域歧视，为了健康着想，武汉朋友们能出来就尽量不出来，去武汉的朋友们能不去尽量别去。
1,这个潜伏期似乎有点长
1,好吓人
1,严格隔离严格管控不行封吧……武汉相关部门真的太不重视了……
1,愿早日得到控制.祝愿大家都平安
1,不是地域黑就是每一例几乎都是和武汉有关系应该有些强制措施防止病毒继续扩散吧不然真的越来越多每个人都处在危险之中啊
1,口罩都买不到了国家轻工业也不行啊
1,愿平安
1,注意安全啊！少出门!出门戴口罩
1,就真的，最近一个个跑到武汉去带些病菌回来，能不能注意一点，危害全城呀！
1,天呐，正好还赶上春运，这个时间人口流动性极大…
1,还是尽量少出门吧做好防护措施愿大家都平安
1,天啊。。。
1,哇靠
1,希望病毒能得到控制希望大家平平安安过年戴口罩做好预防措施
1,麻烦控制一下口罩的价格！
1,买不到了
1,昨天还说不必要95口罩呢
1,口罩漫天要价现在巨贵一个了
1,淘宝的外科口罩都断货了...
1,①出门最好戴口罩勤洗手‼️②咳嗽或打喷嚏时捂住口鼻避免唾液飞溅‼️③将肉类蛋类禽类彻底煮熟‼️④避免与呼吸道感染者接触‼️⑤避免近距离接触野生动物和活牲畜‼️‼️⑥不要随地吐痰‼️⑦尽量避免去人多的地方‼️⑧有发热咳嗽现象一定要及时就医不要拖‼️⑨不要食用野味‼️
1,没口罩了带啥都比不戴好现阶段控制飞沫传播吧
1,让每个社区免费提供给市民呀
1,能不能统一调配一下，我买不到口罩了，药店卖空了
1,双十一买了3盒医用口罩，没想到派上用处了
1,口罩都脱销了，不能乱涨价发国难财啊
1,发国难财的必死
1,淘宝做梦没想到口罩会断货
1,【洗手！戴口罩！不吃生的！不吃野味！】一旦发现自己或周围人出现发烧、四肢酸痛、咳嗽、流鼻涕、打喷嚏、全身出现皮疹或皮肤黏膜出现淤斑、剧烈头痛、频繁呕吐等症状时，要立即到医院就诊。
1,那啥，家里屯了好多四层口罩
1,药店根本买不到医用外科口罩，只买了n95和医用护理……
1,口罩涨价
1,麻烦控制一下口罩的价格！保证供货量！
1,口罩戴好，保护好家人和孩子
1,不在疫区出门戴普通医用口罩戴两个足够了，医用外科的密合性更好，能防血液。一般做手术戴，其实普通人用医用口罩也可以了，因为要防的一般是飞沫，而不是单独存在的病毒
1,去药店没买到，然后买的海绵那种，居然不管用？我的天很贵的
1,淘宝口罩商是准备伐国难财了嘛哄抬价格
1,戴什么口罩有用？大家看过来！
1,没买到
1,口罩也快买不到了
1,买不到了怎么办
1,药店口罩、板蓝根都卖空了
1,Get
1,买不到了，要么缺货要么死贵
1,大家可以去淘宝搜搜广州洛华医用外科口罩！价格很便宜，而且好几个在广东那边医院工作的都说她们平时用的就是这种！
1,请问N90能否用？？？？
1,建议蹲棉花朵朵的口罩不涨价，目前剩不多但好像会补货（补3次了
1,人家钟院士都说了，一般的口罩都是有用的！不要在此炒口罩好吗！
1,早上买是一百多下午看已经翻倍了请问这种发国难财的人怎么处理
1,没买到
1,價格有點貴
1,可是买不到口罩呀
1,买不到！买不到！买不到！
1,我都不知道我们这边有没有这两种
1,我看丁香医生的公众号好像说的事口罩就可以，不一定非得是专业口罩，这个我该信谁的
1,纯棉口罩也不行吗
1,防雾霾的3m9001v可以吗
1,跟专家讲的不一致
1,口罩涨得超厉害，发国难财的真不应该
1,水龙头这样开着洗手正确吗，每个人这样开着洗的话，全国浪费多少水资源呢，错误的示范，差评
1,建议所有政府对外窗口单位以及大型公共场所民航铁路客运等部门的工作人员配发口罩！！！我们不是想要引起恐慌，而是要有居安思危的意识好吗！！
1,大家要保护好自己哦！
1,我有一个快递从武汉发的会不会有病毒啊
1,是这个顺序哦姐妹萌最好买n95口罩n95买不到外科口罩也行能买到n95就别买别的了买不到n95就买外科外科也买不到在买普通医用口罩普通医用口罩买不到再买普通口罩！普通医用口罩和普通口罩用的时候可以带2-3层保护好自己！
1,关键是现在很多口罩报价离谱，活不起了
1,开关水龙头可能就又污染了哈
1,可以控制下物价吗口罩翻倍涨钱家里人更觉得没必要买了
1,愿大家都平安
1,在医院一般使用的是脚踏式开关或感应式的，不会浪费水资源。宣传片里用的手动开关，我想是为了给大众普及正确的洗手步骤，脏的手摸了龙头开关，洗手过程中为了保持手部洁净不再去触碰龙头把手，用擦手纸擦干双手后可以用纸巾捏着龙头把手关上开关。
1,都自己家里待着吧
1,远离武汉过来的，自觉与他们隔离，保持距离才是对亲情最好的爱护，不管自己被传染没有，先按照已经被传染对待，这样才能保护自己的家人
1,口罩都脱销了，不能乱涨价发国难财啊
1,只看到了浪费水，至少15秒洗手，怎么就不能关了手龙头呢，官方教学视频，是教大家浪费水吗，就算为了保持无菌也可以用手腕胳膊都可以关掉呀，甚至你们拍视频可以让旁边的人关掉呀，真的是只有我们网友会感觉到浪费
1,口罩带好，保障好自己和家人的健康
1,口罩
1,戴口罩！不要不重视啊！！！
1,建议电视也要跟上网络信息……爸妈们都不看微博……现在是初期应该让国民都提高警惕……
1,真的要注意，多洗洗手，别去人多的地方，防范措施要注意好
1,①出门最好戴口罩勤洗手‼️②咳嗽或打喷嚏时捂住口鼻避免唾液飞溅‼️③将肉类蛋类禽类彻底煮熟‼️④避免与呼吸道感染者接触‼️⑤避免近距离接触野生动物和活牲畜‼️‼️⑥不要随地吐痰‼️⑦尽量避免去人多的地方‼️⑧有发热咳嗽现象一定要及时就医不要拖‼️⑨不要食用野味‼️
1,地铁火车站机场等工作人员能不能让他们戴口罩啊！
1,武汉作为百万大学生城市，高校众多，学生将于二月初返校，继春运后迎来又一波人口大迁移，恳请各高校延长寒假时间，推迟开学。
1,根据钟南山院士的分析，源头基本上确定在武汉了，我觉得现在就可以采取最严格的封城措施，禁止涉及武汉的人员进出，不要等到大规模爆发再行动就晚了
1,所有国人真的不要乱吃野生动物了伤害生灵会有报应
1,我觉得好多男的都疯了？？？医生被砍武汉疫情  哪件事不比大G严重得多？？？天天到处刷你们
1,预防千万条，口罩第一条。健康第一位，不要吃野味。不往人群挤，病毒不缠你。洗手很重要，胜过吃补药。通风也要紧，疾病无踪影。
1,现在国家比我们还着急，新病毒感染途径和特征需要时间去研究，我们需要做的是  1、没有特殊情况，老老实实家里呆着2、命比过年重要，实在不行就异地过个年3、不要侥幸，认真按照专家的话做好防御4、相信我们国家的实力，17年前我们能打败非典，现在更能。
1,安全第一，基础防护是必要的。
1,希望武汉人挺过去，加油啊，大家都要保护好自己
1,评论里关心病毒可没用，键盘不能防疫。而特权阶级是根深蒂固的问题，只有引导舆论惩治不应该越权的所谓“特权”才能让民心归一
1,天天刷故宫每条热搜都刷尼玛有病
1,能买到票也不至于这样啊全程票买不到中途站也买不到以前都能抢到票今年无座都没有
1,这不是火车票的新闻吗？你们都在刷啥？
1,我想问问为啥每次都等长途票卖不完了才开放卖短途，导致短途的孩子抢不着票干着急
1,谁说刷故宫不行？人民关心什么我们就讨论什么？某些人受什么势力影响，用道德绑架的方式，要堵住人民的悠悠之口，请问“民意”你们挡得住吗，为了公平正义，命可以不要！
1,近日国家发生了好多事情，病毒肆虐，我是湖北人但我不怕，可是更让大家心凉的却是故宫！我们小心翼翼，循规蹈矩遵守的规则，在另外一些人的眼里什么都不是！而他们俨然才是主人，我们守护的这些，都是为了什么?都是自欺欺人罢了！千百年的阶级从未变过，半夜三更偷偷摸摸发声明只是为了瞒天过海，唉…
1,想问题能不能全面点？！就会一刀切！老百姓好欺负是吗！水能载舟就不能覆舟？？！
1,哎照片上竟无一人戴口罩
1,买长乘短
1,静默的爱怎么的承载愿世界以美以人民服务为中心服务
1,买长乘短为什么不让我再买票？
1,买长乘短可以吗？
1,【】买短乘长本是一个便民政策，却暴露出很多隐患，一方面是影响后续路段乘客的正常出行，挤占有限的公共资源，另一方面成为一些低素质的人逃票的手段和方式，严重影响了乘车秩序。
1,自从12306加了候补车后，我发现票越来越难买了！
1,重新购票？那你买那么多站票干嘛呢？好几次不都因为站票卖的多，超重而不能走？
1,拉倒吧，我们都是买长乘短！要不根本坐不上车！
1,抢不到票才是真难受
1,注意身体安全措施要到位
1,春运人流量太多，买短乘长的问题更普遍了
1,这不是应该的吗不然就霸座了，后面上车的人还坐哪
1,问买长乘短的到底怎么想的，你买的票你想啥时候下车不行啊，谁能管的住你么
1,微博里面太多舆论操控➕无知跟风，绝了绝了
1,刷故宫的别刷了，日报也是小编披皮，能管的了什么？真要想引起关注就集体上访，游行，给有关部门发邮件，在网上哔哔赖赖有什么用？
1,这次大G故宫的事绝对有人带节奏，随便刷个微博下面就能看见故宫，有点做的太明显了。大家不要互相传，对国家无利的事情我们不去做，国在家在，武汉好我们都好
1,我买不到票啊怎么办，只能先买短再补票啊
1,把武汉封城吧，求你了
1,现在国家比我们还着急，新病毒感染途径和特征需要时间去研究，我们需要做的是  1、没有特殊情况，老老实实家里呆着2、命比过年重要，实在不行就异地过个年3、不要侥幸，认真按照专家的话做好防御4、相信我们国家的实力，17年前我们能打败非典，现在更能。
1,不要让生病疑似的人群到外省了真的
1,不是针对武汉的朋友，全国人民都很为您们担心。但是我感觉真应该对武汉采取一定的交通管控，先把全国范围内的疫情控制住，虽然现在封锁可能已经晚了，亡羊补牢总比无动于衷好。
1,不是嫌弃的意思，武汉那边的最好别出城了，我们不是怕你们，是怕病毒，谢谢理解
1,看到武汉一年轻护士被调征去隔离医院工作后心情的微博，我非常理解，每当遇到人人自危的传染病，医护人员总是要冲在第一线，他们也会怕。  我们要敬畏他们的职业，希望永远不要再出现伤害医生的事件了，否则没人愿意当医生，没人考医学院，水平高的医生也会到国外工作，那时候我们只有绝望。
1,老年人染上这种病，免疫力又差
1,武汉大学生太多了，一旦大学生回武汉之后被感染，那就成为了来自全国各地的病毒，我觉得应该延迟开学
1,所以武汉人还不戴口罩怎么回事，引以为傲吗
1,大家一定要做好防护措施  愿大家都平安
1,提醒大家出门戴口罩！！！！不要觉得病毒这么小，戴口罩有什么用，病毒往往是通过飞沫传播的，口罩可以过滤飞沫和空气中的颗粒！！！！
1,武汉能不要再输出了吗不管是本地人还是农民工就不要再出武汉了不是说地域歧视现在搞得人心惶惶口罩都脱销了！命可比过年重要。
1,想起韩国的电影《流感》
1,有病吧，挺多武汉朋友蛮自觉。大家也都很重视。但跟非典性质还是不一样的。封城你怎么说的这么容易？不要当年，当年的对比。别彰显无知了。
1,第三例死亡病例的情况为什么没有公开呢
1,重症率24%了……将近四分之一的概率
1,不以讹传讹引发社会骚动不忽略突发疾病养虎为患做好防护配合医院抗疾病
1,要相信我们的国家❤❤❤
1,出城的大多都不是武汉人大多都是务工人员回家过年的还有部分大学生知道现在传染病严重大多数人知道防范但是上千万的人不是每个人都能防得住只能是让大家提醒身边的亲戚朋友尤其是不上网不看新闻的还有说封城的且不说现在有没有到这个程度那些被困在武汉无务工人员还有大学生怎么办
1,89岁加上一身病在身，本来就是高龄病患，死亡很正常。
1,为啥评论那么多骂武汉人玻璃心不肯封城封城是小老百姓能决定的嘛武汉人是最想好好配合赶紧治好的我们比谁都怕真是奇了怪了我们这口罩都售罄了大多数人都有戴口罩出门家里也经常消毒再说武汉处于中枢地区现在又是春运要出去的大多是外地人真是像看到的说武汉外面的人嫌弃武汉里的外地人
1,自己感觉武汉的新闻稿在玩文字游戏，希望简练点，一句话说清楚的事就不要拉成一页纸。
1,这是死了4个了啊不是1个！
1,我现在就在武汉旁边，瑟瑟发抖
1,别拿个例出来说，出来玩不注意的人在任何时候任何严重病情时都大有人在，你的朋友圈蹦迪聚会不代表别人不注意不防护，没人可以代表武汉人民，自己注意好个人防护。一个病没必要上升到地域黑，也没必要说武汉人玻璃心，该封城的时候国家下令大家遵守，关键时候听从安排相信国家。
1,不信谣不传謡  相信官方信息   大家积极做好防护。
1,把病人的病史和年紀放在那麼重要的位置，而不說下這個人是直接還是間接傳染的做法，很有武漢特色
1,请相信武汉的生物科学实力
1,患者大多都是中老年人
1,不要出去游玩了
1,赶紧武汉封城阿！！！！！千万不要传到我大重庆来了
1,这玩意儿能不能追查到那些人去武汉有哪些相似的点啊？是接触了什么，去了哪些地方，吃了什么，还是与其他感染者接触啊？这也太可怕了，那武汉本地人还能活命吗？搞得跟瘟疫城似的……
1,我不去想封城与否。我相信国家政策！
1,愿平安
1,安全面前，十足当心，毫不为过！
1,愿平安
1,注意防范！！
1,愿平安
1,一定要平安啊
1,大家一定要做好防护措施，愿所有人都能平安
1,尽量少去人多的地方，勤洗手，戴口罩
1,很详细很及时的信息公开，希望大家都能平安
1,已治愈出院25例是怎么治愈的
1,比较想知道患者的年龄大概平均多少
1,问一下，武汉鸭脖还能吃吗，刚买了一堆周黑鸭
1,死亡四例的年龄都是多少啊
1,真不明白这么客观了还说瞒报，官方不像小道消息一样一张嘴马上传的好吗？而且有人说为什么突然多了那么多例患者，还说是因为政府兜不住了，请你们好好看看钟院士说的话，是因为19号试剂盒研制出来以后确诊的速度极速往上提。这次在极短时间研制试剂盒，政府极高效率做出反应，请大家别给国家添堵
1,讓大家翻墻去看國外媒體的“真實“報道的那位，請參見香港事件。都什麼年代了，還崇拜外媒。
1,能放烟花爆竹的区域还是放起来，但注意防火。古时候烟花爆竹过年放说是驱邪，应该也是杀病毒的，防瘟疫的
1,会不会是境外反华势力投的
1,还可防可控吗
1,去世的又是一名长者
1,(°_°)
1,又死了
1,害怕～
1,我们都要好好的
1,平安
1,愿平安！
1,各个平台都推吧，真的，好多人都不知道，我还是跟我妈我哥他们说了他们才知道
1,这个病人基础病太多，普通流感也可能致命。
1,希望各位杠精想想人命的损失大还是你们说的交通运输九省通衢之类的损失大
1,上升到黑武汉，真是看不过去。说得非要传播给你一样。首先性质不一样，别当年当年的对比。其次，管好自己就是最大的保护，拜托诶，封城就这么简单吗。传染源还是在动物，要么你啥也别吃把？？我在武汉的亲人和朋友都非常重视。但是呢，其实飞沫传播距离只有1-2米，大家不要过度恐慌行不
1,如无必要，近期不要去武汉；有发热及时就医；出门戴口罩
1,注意安全防范
1,大家都保护好自己啊太可怕了
1,转发微博
1,病毒猛如虎啊
1,出门戴口罩少去人群多的地方
1,人类的每次瘟疫几乎都是从滥杀滥吃动物开始的！新年伊始，手下口下留情
1,一堆人出来说武汉封城吧？先不说武汉很多外来务工人员过年武汉起码空一半  也不说武汉九省通衢  只有发展到一定程度才会采取封城  当年北京封城的严重程度和武汉现在比比？医疗资源和现在的比比？说武汉人玻璃心  该封的时候封  没到封的时候键盘侠管好自己的嘴巴只能尽可能的减少市民外出做好防护
1,现在国家比我们还着急，新病毒感染途径和特征需要时间去研究，我们需要做的是  1、没有特殊情况，老老实实家里呆着2、命比过年重要，实在不行就异地过个年3、不要侥幸，认真按照专家的话做好防御4、相信我们国家的实力，17年前我们能打败非典，现在更能。
1,看到武汉一年轻护士被调征去隔离医院工作后心情的微博，我非常理解，每当遇到人人自危的传染病，医护人员总是要冲在第一线，他们也会怕。  我们要敬畏他们的职业，希望永远不要再出现伤害医生的事件了，否则没人愿意当医生，没人考医学院，水平高的医生也会到国外工作，那时候我们只有绝望。
1,电视上也要滚动播报啊，父母根本不重视，很多人都不知道情况，跟他们普及也听不进去，觉得小题大做，电视多做普及吧，起码引起重视
1,他去了趟武汉就能被感染，说明在武汉，没有被发现，没有被确诊的患者非常多！他回来的航班或者高铁车次要通报一下，跟他接触的那些人必须得去检查下！火车站，机场，人员密集流动的场所，安排医务人员进行初期的发热排查，拜托！这个时间，南来的北往的，太吓人了！
1,延迟开学吧，高校宿舍这么密集，传染起来太可怕了。
1,开大G的跑路了。留下我们和病毒。。
1,预防千万条，口罩第一条。健康第一位，不要吃野味。不往人群挤，病毒不缠你。洗手很重要，胜过吃补药。通风也要紧，疾病无踪影。
1,武汉现在年轻人戴口罩很普遍，地铁里面的工作人员也都戴了口罩，但是还有一部分年纪大的人没戴，一方面信息没有年轻获取的及时，再就是他们更愿意相信电视新闻媒体，一定要多播放引起他们的重视。
1,贩卖吃野味请列入危害公共安全入刑两次瘟疫了！
1,电视上也要滚动播报啊，父母根本不重视，很多人都不知道情况，跟他们普及也听不进去，觉得小题大做，电视多做普及吧，起码引起重视
1,提醒大家出门戴口罩！不要觉得病毒这么小，戴口罩有什么用，病毒往往是通过飞沫传播的，口罩可以过滤飞沫和空气中的颗粒！
1,愿大家都平安
1,愿平安！
1,尽快重视起来，即使身边没有患者也要注意做好防护，这种事情越小心越好，宁可信其有，不可信其无
1,对前线医护人员好一点吧
1,医护人员也太危险了吧
1,愿平安
1,武汉市市长赶紧下台吧！过年了也不让老百姓过个安心年
1,早日康复，感恩
1,看到医护人员确诊真的很难过用命在工作
1,愿医护人员平安
1,武汉加油！白衣天使们加油！希望大家都可以快点好起来，健健康康的生活日常做好消毒工作，注意卫生，尽量不去人流密集的地方，避免进一步传染
1,一线的医护人员一定要好好保护自己，注意隔离，你们一定要平安。
1,医务人员一定要注意安全
1,保佑山东
1,山东，人口大省
1,山东的表示有点慌希望大家平安￼
1,武汉的朋友，拜托你们不要全国各地的跑了，非常时期你们就不能老老实实的待在家里嘛，大家都怕这种病毒，拜托拜托！
1,卧槽，我觉得不会传到山东的，这么远，我天真了
1,靠青岛！      山东人民平平安安啊啊啊啊！中国人民平平安安！世界人民平平安安！
1,昨天还觉得我们山东是安全的！
1,加满油，做好高速检测，原本今日回济南。临时决定，春节期间不再由汉返鲁。并号召在鄂鲁籍乡亲，春节期间尽量不要走动。阖家欢乐。
1,愿平安，别再有了！
1,又是武汉来的!!?我在山东瑟瑟发抖
1,放过我们这个小破岛吧
1,希望病毒能得到控制希望大家平平安安过年戴好口罩做好预防措施
1,记得非典的时候，山东没有病例
1,救助时一定要照顾到自己！除了瞎操点心，我也就只能尽量不出门
1,手握特权的人开大G进故宫，心系百姓的医护人员奋战在一线，致敬，感谢，我们心如明镜，大家加油
1,致敬英雄，祈愿平安
1,加油
1,辛苦了，谢谢白衣天使们
1,感谢有你，盼你平安！
1,愿平安
1,感谢有你们
1,致敬❤
1,致敬❤️
1,致敬白衣天使
1,致敬感谢有你们你们记得也要照顾好自己。
1,谢谢你们！盼你们平安！
1,感谢有你们！致敬！
1,感恩有你
1,感谢有你盼你平安
1,致敬❤
1,武汉周边地级市的情况怎么样了？
1,致敬奋斗在一线的工作者，保护他人同时也要好好保护自己。辛苦了
1,向医务工作者致敬！他们是新时代的英雄！多注意安全…
1,感谢有你，盼你平安
1,只能说祝你们平安归来
1,为医务人员点赞，辛苦啦
1,加油，我的国，当年咱们众志成城的抗击非典，今天我们仍然团结一心对抗肺炎。
1,致敬！
1,愿平安
1,辛苦了
1,致敬一线医护人员
1,该追究责任时请不要煽情！
1,谢谢你，疫情中的逆行者！感谢有你，盼你平安！
1,致敬白衣天使
1,感谢你们来点实际的，给她们涨工资吧
1,愿都平安…
1,致敬
1,我的真心建议，春节电影院最好不去，景点最好不去，串亲戚能不去尽量不去，实在出门也要做好防护措施，为自己好，也为大家好。老实在家看春晚吧，奋战在一线的白衣天使够辛苦了，愿早日消除病毒。
1,武汉新型冠状病毒的阴霾，唤起了人们对17年前SARS肆虐时期的记忆。   其中，一种言论逐渐甚嚣尘上“不是我们战胜了非典，而是非典放过了我们。”   甚至有人“预言”，武汉新型冠状病毒也将在相似的时间，以相同的方式划上句号。
1,医护人员辛苦[米奇比心]      不好意思插播一下1、新型冠状病毒56℃，30分钟，就死亡了。2、乙醚、75%的乙醇、含氯的消毒剂都可以有效地灭活病毒。3、一定要吃熟的食物，不要吃生的食物。‼️我觉得有必要提醒84和洁厕灵千万别混用呐‼️会中毒‼️‼️
1,别乱跑保护好自己别给医护人员添乱
1,我建议每个地方火车票飞机票什么的从现在开始能不能延期，病毒真的很可怕，生命重要，烦请国家从现在开始到病毒渐渐消失停止售所有交通类的票了，好吗?希望看到你们对我的意见!!!
1,（这个人眉毛好长在我家那边是多福长寿的象征
1,祝一线医护人员都平安！祈祷你们不被传染，小心别累着身体啦
1,致敬白衣天使
1,借个地方举报以下淘宝卖家贩卖野生动物  1.爱美膳旗舰店  2.京采泷庆食品专营店  3.青稞牧场  4.纯野味店  5.美人松土特产6.山鲜调旗舰店  7.乐昌人家  8.聚狼优品9.东昊蓝孔雀养殖基地  10.环鄱阳湖绿色生态馆11.淼淼养殖12.小刘珍禽野味  13.原味农家  14.珍鲜湾旗舰店  希望有关部门查验一下
1,感谢有你们！定要平安！
1,他们也是父母的掌中宝
1,河北恐怕是挺不住了我瑟瑟发抖！
1,向在疫情中坚守在工作岗位上的医务人员，警务人员，乘务人员，快递小哥，口罩生产工作人员等致敬！
1,能不能呼吁减少走亲戚
1,武汉医院超负荷运行，好多发烧的当地市民都排不了号，其中还可能有感染病毒的，求支援武汉更多医疗资源
1,如果当初启动紧急措施，严格把控武汉人员流动，避免不必要的外出，现在也不至于全国蔓延了吧。其实当下严格把控也不晚，总比再进一步扩散的好。我们不是排挤武汉人，因为只有这样才能把影响降到最小。
1,江苏拿你的高考题给我吓住阿冠！考它！
1,真的买不到，连护理口罩都没了
1,发国难财的原地爆炸吧！！
1,你吃了野味，全国乃至世界要为你善后
1,口罩啊啊啊价格还有货
1,重视啊重视
1,21号24时？
1,心痛！！
1,？？？不是444死17
1,保佑平安
1,？？？？不是17吗
1,疫情核心区域，是否可以考虑网格状环境消毒了。
1,封城吧，求求了，别老走动探亲了
1,别再增加了
1,可以关注一下一些武汉的病人无法却确诊的事吗？医院资源快要饱和了，必须才去有效措施。这个姐妹的家人无法确诊
1,愿平安
1,哎！天佑中华！加油！！！！！
1,上个月忽视不作为，结果酿成大错了吧
1,网络上事后诸葛亮太多了
1,那就是湖北省内其他城市差不多有100例，死亡8例，哪些城市是不是要播报下，周边城镇很多人都不够重视，口罩不戴，四处串门，走亲访友，每家每户几乎都有从武汉回来的
1,9例是21日24点，17例是22日20点，时间节点不一样。
1,湖北政府武汉政府办事太弱了。15名医护人员被感染不报也不重视！早重视起来早拿出魄力拿出政策防止疫情扩散疫情出市出省出国，该多好。对湖北政府武汉政府很失望。2会开好了政绩就好了？
1,治愈人数多了，希望大了很多了
1,望平安！
1,电视台应该强行插播预防病毒的提醒，像地震那样，不然农村真的很多老人都不当回事儿
1,湖北是不是只有武汉这一个城市？
1,希望国家可以对湖北增援！！！不要再指责武汉人吃野味了，这个时候应该同心协力共抗病毒不是吗？怎么能把自己人放到对立面，对立面是新型肺炎不是嘛？！
1,靠近新闻漩涡的中心，犹如灯下黑，是最容易被忽略的。呼吁关注湖北除了武汉以外的其他地方，如果武汉有9例死亡的话，说明湖北其他地方的形势不容乐观，可能更严重！
1,大G女孩真的得感谢这个病毒，是它救了她
1,全国谢谢谢谢
1,顶我上去，拿出治理黄赌毒的力量治理非法捕杀贩卖野味的不法商贩和食用者，抓到了罚到他全家破产，情节严重者死刑。3大运营商推送吃野味的害处，国家再多找自媒体发些吃野味的害处发在那些公众号上。电视台每周也发通缉令通缉非法捕杀贩卖的商贩。有天眼，酒驾都能治理这种事情真的不是小事一桩？
1,没想到今年囤的的年货是口罩。
1,都多少天了？早就应该这样了
1,不仅武汉全国都要出门戴口罩！
1,对工作人员也可以佩戴口罩吧，他们也需要的
1,这种通告全国都要发！！在新闻上手机上发！！很多人都觉得没必要
1,口罩不够啊不是年后发货就是提价格真的太难了！
1,建议全国现在特殊时期赶在春运
1,还好我爷爷奶奶比较重视给他们买的口罩出门一定带了而且平时也不怎么出去溜达了
1,希望全国都要求佩戴口罩，并加大力度打压坐地起价的黑心商家[撇嘴]
1,怎么不确诊?这个流程很麻烦吗?
1,老人们都要带起来啊！！！
1,太好了，不听劝的都抓起来
1,坐标武汉！弟在外面荡几天，不带口罩，还去了网吧，今天才回。说了他也不听，买了口罩他也不戴，我家里还有几个月的小宝宝，真不知道他是自私还是无知……
1,不光武汉，全国都应该在公众场合戴口罩，保护自己也是保护他人！！！！
1,必须严格管控了，真的好多人还没重视起来
1,看看她发的
1,湖北到底能不等好好控制病情不要再扩散了！！到现在还有疑似患者从武汉出来去别的省份？！！你们怎么控制的啊！！我们不歧视武汉人！！但是真的歧视自私的武汉人！！
1,希望湖北都是这样不止武汉！
1,1月初就该这么做了，现在才来亡羊补牢。。真的武汉人民别再盲目自信了。
1,全国出门都要戴口罩
1,日本unicharm的口罩，这个很牛逼。当年非典的时候，日本人几乎都用它过关的。不过估计现在已经很难入手了。
1,武汉政府你们到底怎么回事？到底有没有严控。我老家有一个从武汉回来了今天早上进医院了已确诊是野味肺炎，真的他妈想爆粗口了。
1,武汉那个患者的老婆还能发着烧坐火车跑扬州，对于这个我只能说武汉政府真厉害！真厉害！！！
1,加油湖北
1,大家多给中老年人宣传一下，现在好多中老年都不相信疫情的严重性！很多人都不知道情况，跟他们普及也听不进去，觉得小题大做，电视多做普及吧，特别是三大运营商短信通知起码引起重视，又逢春运，人流密集，再不重视，不提前预防，更是让人担忧
1,求求全国推广，我不想因为口罩跟家里人斗智斗勇了
1,口罩不够啊可是
1,心惊肉跳的数字变化，都知道病毒这么汹涌厉害，都原地卧倒！老老实实呆着有那么难吗？不到万不得已都别动，还有比命重要的吗？
1,刚刚武汉大学的一个教授在上海台的采访中公开说吃野味是人之常情只要煮熟了野味就没事儿。这种时候发布这样的言论请严查。
1,我们武汉的医护人员急缺口罩
1,还有用过扔掉的口罩也要焚烧了
1,很多武汉市民确实没有这个意识，这样的强制要求是有必要的。是对自己也是对他人生命的负责。
1,我现在极度气愤，希望中央可以派人到武汉实地了解情况，武汉市政府就是一团乱麻！！！19号还在办万人集会，武汉的医院都乱套了，病人看不上病，病情严重没法住院让回家看情况，武汉市的领导必须问责！！！
1,还吃嘛？带着口罩吃野味？
1,呼吁大家除了不吃野生，养殖的也不要吃，病毒不会因为你是养殖的就不把它当做宿主，就连鸡鸭鹅在人类社会食用这么多年依旧会有禽流感等问题，就更别说果子狸竹鼠蝙蝠，就算养殖也请三思，不要再让大家焦头烂额了，为了一口没必要的吃的，搭上全国人民的幸福，有必要吗？
1,其他地方严重的也该推行一下吧，年纪大的貌似都不太重视
1,可以给人民分发口罩吗？买不到，我们这口罩180元一包了。
1,针对顽固的中老年人最好推出明文规定公共场合不戴口罩的要面临罚款甚至拘留我看他们戴不戴
1,全国，爸妈不重视，但是还是要考虑口罩不够的问题。。。。我今天跑了一天了，只买到了一次性医用口罩。。。
1,双十二买了一盒口罩本来是说空气不好的时候或者周围人感冒戴，得，派上大用场了
1,不是不愿意带，问题是买不到啊！跑了六七家药店都没货，唯一一家还是买两袋板蓝根送三个口罩简直就是强制消费【特别委屈
1,我今天在店里戴了一天口罩，谁见了我都说，你又不出门戴个口罩干啥？？虽然我不出门，但是有顾客进我的店啊我们这是河南一个二线城市的一个小县城，我站店门口观察了一会儿，大街上都没几个戴口罩的……
1,政府要控价控量啊，小区药店拆装的3m口罩38一个？！
1,武汉部队，口罩只发了人均不到一个，人口那么集中的地方，需要加强防范措施啊！
1,要求所有人带口罩肯定是没问题，但是买不到口罩啊
1,支持！！！！保护自己保护他人！
1,全国都戴，老人家都不当回事
1,怎么说都不听，非要硬性规定才能记住，简直像极了他们的教育理念，“怎么说都不听，打一顿就好了。”
1,早该如此了…春运都十几天了
1,那两个发烧还偷偷跑去上海的人，应该抓起来！可恨的是还发微博炫耀！
1,是吗我认识一个朋友今天刚出武汉还发了个朋友圈炫耀“成功出逃”并说没人查
1,请加大宣传力度，
1,关键是有潜伏期，当时查不出来，实际上已经扩散了。突然间爆发的确诊人数就是证据，武汉早就应该封城，现在封已经晚了，何况他还不封。感觉比电影《铁线虫》更可怕，电影里起码还有特效药，而我们现在没有。
1,严格排查为什么扬州一女子明知丈夫已确诊新型冠状病毒感染的肺炎还能坐高铁回扬州探亲访友？难道确诊人员的家属不需要隔离观察的吗？
1,严格一点，不要乱跑！
1,这就对啦兄弟！如果需要，一定要封城！全国14亿人口的安全呀……
1,那些号召去影院看电影的明星们，你们太不要脸了，为了票房不管老百姓死活了，太令人失望了
1,今天看朋友圈，一个武汉的人说从高速武昌口被检测了一下，从凤凰山出口，毛都没有，所以我想问:武汉的领导是严肃的吗?
1,过年不想要不要其他的了只要一家人齐齐整整平平安安就行
1,其他省市估计都要气死了，武汉要早这样哪还有这么多事
1,不是还是有很多人当时吃了退烧药就逃出来了吗
1,我们在湖北十堰的小地级市，今天只有人民日报说了有疑似肺炎在我市。地方的媒体报纸都不说明详细情况。还把没有肺炎的消息置顶！
1,我有个同学前几天回武汉了…过完年回南宁…太恐怖了
1,麻烦别的省也加强检查吧，都在扩散
1,坐标湖北省内其他县市。身边一群从武汉回来的人，他们声称自己开车回来并未遇到检查的人，行吧，那请你不要到处串门可好？反正我们这里口罩已经脱销了，我家里只剩下三个，心慌
1,我家有个远亲戚在湖北发烧了不去医院怕被抓隔离想回老家看病还跑到公司上班被我姐知道了全家人轰炸式骂去医院检查所幸不是这个很多人就是需要这样别说没人情味发烧了还乱跑串门的别怪我直接报警
1,现在武汉人到处跑，怎么管控的？他们还在微博炫耀逃离武汉！我看武汉离地域黑也不远了
1,今年全国的春节被武汉市政府取消了。
1,香港都一下子100多例，我就不信国内一线会比香港少，现在其他城市还是不重视，一线城市全都应该开始机场车站测温
1,刚刚从天河机场下高速回来，并没有排查体温。爸爸从内蒙坐飞机回来，说机场没有对他进行体温检测，只对从武汉离开的乘客量体温，回来的高速口也并没有量体温。
1,早干什么去了？后天就过年了，都到家了吧
1,能不能暂时封锁。全国性防治难度更大啊。
1,这事都多少天了到今天才管？真服了
1,这边不断加大力量排查遏制，旅游局却说30号以后才取消旅游团出行。市民响应号召取消出行，30号前旅行社却强行出团，如退团费用全部由个人承担。个别旅行社还发文配图宣传“爱情都没轮到你，肺炎怎么会轮到你呢？”
1,武汉加油
1,陕西加油！
1,严格一点，不要乱跑！
1,确实比昨天晚，但是比明天早。希望我们团结一心，一同攻克难关！！！
1,特殊时期特殊举措
1,我觉得接下来海关要严一些，国内的市场监管要更严，今年澳洲山火烧死那么多野生动物，真怕一些黑心商贩廉洁购买澳洲山火动物尸体转会国内售卖，更怕那么多动物尸体如果处理不好也会引发新的疫情，做好管控和防范很重要，防患于未然
1,加油！！辛苦了！！！
1,好想哭，加油啊，我也是医学生，虽然现在还不能做什么，但我会尽力学好这个专业，尽我最大的力量去保护大家
1,守护在一线的医护人员你们真的辛苦了！一定要安慰好患者的心里恐惧  不然自己吓死自己了
1,凭什么这么多无辜的人为那一个吃野味的人买单啊凭什么啊
1,看哭了
1,送给吃野味的人一句话管好你的嘴要么就藏好你的妈没事别出来瞎蹦跶，带个口罩管好你我他
1,辛苦了一线的战士们[米奇比心]
1,致敬医护人员
1,致敬!
1,平安
1,谢谢谢谢
1,就这样还有人去砍医生？？？？？？？？？？？
1,致敬医护人员一定要平安
1,愿中国平安，平安中国。
1,讲真的，这一段我看哭了
1,C位请留给武汉加油
1,他们也是别人的父亲。儿子。宝贝。善待他们。加油
1,我他妈祝这些医护人员长生不老身体健康
1,看着病患的手紧紧抓住医生的时候瞬间哭出来，多么无助，他真的很想活下去
1,去年我叔破伤风进icu真的24小时随时都在抢救，这种情况持续了将近快2个月，真的揪心，医护人员也好辛苦，真的不要对医生隐瞒病情会严重影响医生判断错过最佳诊治时间，不要说这种自己知道自己身体什么样这种毫无根据侥幸的话，害人害己，在医生面前要绝对的配合，医者父母心不要觉得在坑你钱，是在救你
1,向你们致敬，人间佛菩萨！南无阿弥陀佛
1,bgm好评，仙剑1！！！给所有医务人员点赞，给我舅舅点赞！作为一名普通的医生，他是最勇敢的
1,最美的人，最美的医者，点赞
1,你们也要注意身体！！！最美逆行人
1,看哭了
1,会好的
1,愿平安
1,看见医护人员拉着病人跑真的是在和病魔争分夺秒泪目向他们致敬！
1,逆行的不仅仅是消防员！还有今天的你们！
1,做好防护措施！
1,真的辛苦了
1,在死神手里抢人
1,向所有医护人员致敬！你们辛苦了！愿大家平安健康
1,诶我天
1,谢谢所有医护人员
1,武汉加油武汉挺住我还想去你们那里吃热干面呢
1,辛苦了谢谢你们一定要平安
1,加油
1,致敬！白衣天使们一定要保护好自己啊！
1,致敬白衣战士！一定要平安
1,影院封闭不透气，建议我们可爱的明星不要再宣传大家春节去影院看电影了，健康重要，大家尽量别去公共场所了。待在家里看春晚吧，也给奋战在一线的医护人员减轻点负担。愿大家都健康。
1,可不可以推迟大学生开学，开学之后学生就要到祖国各地上学，肯定又是新一轮校园爆发高峰期
1,太恐怖了，跟非典一样，
1,希望加强社区居委会和农村村委会的宣传，要家家户户都防范啊！不然家里中老年人根本不听劝，马上年三十要赶大集，他们还要不戴口罩去人挤人凑热闹，真是劝不动好气啊跪求加强宣传！！！
1,可是我56℃，10分钟就死亡了啊
1,突然想去摘太阳
1,希望不要扩散了那些吃野味的真的连累全国人
1,愿病者早日康复治疗
1,注意预防
1,加油！！！
1,加油！
1,多喝热水！！
1,这次最可怕的不是别的，是因为赶上了春运，这种每年中国人口最大的迁徙活动，还是应该高度警惕的，但很多三四线城市的预防宣传还不够到位！
1,淦，伏特加
1,这是今天刷的关于这问题的唯一好消息
1,学医两年了  很难很难不过为了梦想为了社会  我想用毕生为医疗事业做贡献  武汉挺住  中国加油
1,禁止食用捕杀一切野生动物。养殖的也不要啊啊啊
1,84消毒液可以吗?我只买到了这个。打电话去药店说没了（明明一个小时前我订单的时候还有）
1,没有什么是中国人不敢吃的，服了，大米它不香吗，吃你个锤子的野味
1,谁能告诉我低温多少度可以干掉他
1,我学化学的真想倒个浓硫酸给喷子脑残的嘴里
1,不是说吃野味导致的吗？难道野味没做熟？[費解]
1,吃野味的通通给老子得肺炎
1,多注意安全，注意室内多通风、勤洗手、戴口罩、尽量少去人群密集处，不过春运真的很麻烦
1,为什么要喝酒，不喝酒还去买酒喝，怕是有毒现在有75的酒买米，可以用酒精打扫卫生全部泡一边车站，人多的地方都这样干
1,蒸桑拿走起
1,阿中哥加油！！！
1,愿安
1,能杀死就好！一线医护人员辛苦了！
1,致和生旗舰店还在卖鳄鱼
1,提问，只要戴了普通无纺布口罩也有作用吗？顶我上去，想看权威回答
1,喝着白酒泡温泉么？
1,来瓶伏特加？
1,56°病毒30分钟就死了，那汗蒸去管用吗，我认真的！没抖机灵！管用的话让爸妈一周去蒸一次，比平时蒸的频率高一点，
1,好的明白了！
1,大家做好防护，照顾好自己和家人
1,做好防护，做好防护，做好防护！这是非常重要的！我们每个普通人也可以尽一份力！尽量不去人群聚集地、戴口罩、勤洗手洗对手（六步洗手法）！不要对着别人咳嗽打喷嚏！不随地吐痰！
1,能不能别发这种了  56度半小时就死了  那艾滋病毒也是一样阿  这种新闻除了能让不戴口罩的大爷大妈更放松警惕  还有啥用？？？
1,总结得通俗点嘛比如具体到什么方法有效呢
1,咋操作？？？？？？？？？？
1,多喝开酒
1,之前一直有人说搜索逃离武汉，我寻思是骗我玩，搜了一下终于知道为啥传播这么快了。吃着退烧药躲安检去其他地方旅游，服了
1,请求地级城市实时疫情透明化
1,袁隆平爷爷怪我让你们吃的太饱了
1,武汉是否存在病人住不进医院的情况？
1,要不要考虑发口罩！
1,艺考推迟艺考推迟艺考推迟！这个问题很重要，不算出省赴武汉考试的考生就会有很多，武汉的武音华中师武大这三所高校就够负荷了，还有其他二级院校要考试！全国艺考择期推迟吧
1,这个糖尿病转院的好惨
1,真的不能再刷新了……
1,牛油番茄菌汤火锅涮鸭肠涮午餐肉涮香肠涮肥羊肥牛涮香菜涮毛肚涮虾滑！炸鸡柳炸鸡骨头炸土豆炸臭豆腐炸全鸡！烤鸡烤鸭烤牛蛙烤虾烤茄子烤玉米肠！莲藕炖排骨白萝卜炖筒子骨玉米炖老杂骨海带炖排骨墨鱼炖五花肉虫草花党参天麻炖鸡萝卜啤酒吨鸭！卤鸡卤鸭卤鱼卤猪肉牛肉卤大肠它们不香吗？？？？
1,我大河南加油
1,河南离湖北那么近
1,真的无一例外，全部来自武汉
1,求求了，能不能严加管控武汉进出人口啊，武汉政府在干嘛，就这样让病人随意进出武汉？？？？
1,住院期医院感染？？？？
1,吃野味的原地爆炸
1,所有的病情都是从武汉传播出来的，是不是考虑武汉封城了
1,19号的时候事态都那么严重了还能从武汉转出去？各部门真的有对武汉进出有把控吗？
1,陕西甘肃青海新疆西藏江苏内蒙河北挺住啊！
1,河南加油！大家都加油，保护好自己平平安安
1,求求那些人，管住自己的嘴吧…吃得祸国殃民，还没得到教训吗？
1,请把“离武汉人远一点”、“呆在武汉别出来”换成“武汉挺住”、“武汉加油”。有人在焦虑、有人在恐慌、有人在抱怨，也有人很温暖…不管怎样，感恩所有，我们都在努力！非常时期，彼此理解
1,我大河南一定要平安
1,天啊都要好好的
1,那些爱吃野味的就该滚出中国，就不会有这么多麻烦事了
1,刷新四次，出现了三个地方……
1,希望河北平安
1,洛阳人瑟瑟发抖
1,28岁都有了我又慌了
1,大焦作给我挺住！
1,愿平安，哪里都别再有了
1,能不能具体说明原本武汉市的患者居住在什么区大致活动范围是哪里  涉及公共安全只能牺牲患者的部分隐私了
1,信阳距离武汉很近，来往人员很多
1,河南平顶山人表示很害怕，吃野味那些人真该死绝，连累那么多无辜的人，连累政府和医护人员！
1,所以我还敢刷新么
1,江苏加油啊
1,天啊，因为肺炎我不敢坐火车回家过年，留在洛阳……现在洛阳也有了
1,应该五百了吧
1,河北挺住
1,愿平安
1,我大河南加油挺住！！
1,保佑我大河南！还有我的家乡新乡市啊
1,查了一下03年的非典，那时有多严重现在才知道，医疗的不发达，医护人员都是赌上自己的性命来抢救病人。感谢钟南山爷爷，所有医护人员。今年发生这样的事情，依然有为我们负重前行钟南山爷爷和医护人员。口罩的价格飙升有国家为我们控制，有工厂连夜加工口罩，有良心的医药店坚决不涨价。愿平安！！！
1,本三门峡人怕了
1,我们小巩义就是一个小破县城级的市，咋还来巩义啊别来了
1,我的天，都要好好的
1,我们这儿离武汉也就一百来公里，我出门看见大家基本都没戴口罩，只有几个年轻人戴，大家根本不重视
1,天啊害怕了一刷就一条新的
1,啊啊啊啊啊，天佑我大河南
1,陕西省被包围了，和内蒙古挨着报团取暖瑟瑟发抖。宁夏，山西，成都，重庆，河南，贵州，都有
1,真的太窒息了，我真的很怕死
1,不要再新增了吃蝙蝠的你们都s了
1,全国都要有了估计现在大多都在潜伏期
1,罗山的我的吗啊我的吗啊该死的吃野生动物的
1,真的不敢刷新微博了…偏偏又不得不看…
1,为什么河南患者没有报道观察密切接触者，是没有吗？首例确诊没有，这次也没有提
1,100%与武汉有关希望尽快封城为了全国人民着想也是为了武汉朋友着想众志成城共抗病毒
1,肯定还有些感染了的在家里喝999还没去医院
1,刷新一次多一例春运过后不敢想象……
1,我靠，1.17那个时候疫情已经比较严重了吧，她为啥还要从武汉跑来成都旅游？？？旅游？？还是旅游？？？又不是回家
1,家里人并不重视，，跟他们说只会得到“一天天的就你事儿”这种回答，很无奈了
1,28岁，1月17日从武汉到成都旅游！话说的不好听点，可能她没病，从武汉到成都搭乘地铁还是各种交通工具的时候，接触人群才染病的！
1,天啊
1,19岁患者天哪
1,武汉别往外放人了。太可怕了。
1,保护好自己吧安全你我他
1,年轻人也感染了啊
1,十七号十八号从武汉回来的为什么不直接进医院检查治疗隔离？已经听说这件事情了还往家跑是等着感染吗
1,四川？？？
1,来尼玛成都干嘛。钩子的
1,不知道野味到底有什么好吃的。。吃就吃了还祸害打架
1,19岁！
1,绵阳今天已经看到很多中年叔叔阿姨戴口罩了，继续加强宣传力度，一定会好起来的！
1,但凡那么几个憨批管住自己的b嘴不吃野味也不至于全国乃至全世界为他们善后
1,我丢地震都没垮的四川给老子撑住啊
1,南充没有吧？？
1,四川还是实在，敢报。这个19岁孩子，希望让更多人重视，现在火车上，尤其是卧铺，一个口罩都没有
1,这……太可怕了，那些吃野味的人真的该死啊该死，害死了多少人
1,封城吧，每一例都跟武汉有关武汉现在是毒城，而且排查从武汉回来的人，本来是一个地区，却要扩展到全国
1,卧槽回绵中宣讲的那位吗天啊一定要平安
1,是一直说未发现显著传人现象！！！而且一直给我们强调没有传染任何医护人员，就这句话误导了所有武汉本地人！19号回老家路上我们武汉本地才知道严重性！！！！当然我是出于谨慎开车回去，不敢高铁！！！是有人瞒报了吧！现在全武汉背锅！早点公布传染武汉本地注意点会有今天？武汉人也不会不自觉乱跑吧
1,19岁…
1,不是年轻人不易感染吗呜呜
1,哇擦四川一转眼都5个了，各位请一定出门戴好口罩啊
1,19岁
1,口罩成本不贵！！强烈建议政府给武汉人民或者其他重灾区发放口罩！！！强烈建议政府给武汉人民或者其他重灾区发放口罩！！！强烈建议政府给武汉人民或者其他重灾区发放口罩！！！有的不良商家在发国难财，部分老百姓根本买不到口罩！同意的送我上去！
1,我就搞不懂了，那些武汉的市民。都这么大的事，还到处瞎跑什么。在家呆着不好嘛！携带病毒到处跑旅游！传染那么多人，本来之前就武汉有，控制的话还是可以的。结果现在全国各大省都有被武汉感染者传染的。
1,武汉的朋友们，拜托了别乱跑了行吗，这玩意一个传染俩啊，坑不住啊
1,开始出现青壮年了！大家一定要注意安全啊！
1,四川加油！中国加油！
1,19岁！［划重点！！！！！］
1,这几例新增都是从疫区出来的，所以疫区的你本着对社会负责的态度，千万不要乱跑了，已经跑出来的马上去医院检查排除好吧，让大家过个祥和的春节。
1,下午才看新闻说，儿童年轻人不易感染，但是现在看到的，基本都是青壮年！…不是埋怨这些信息误导，而是害怕这些病毒变异太快！！！
1,19岁，这是年轻人
1,恕我直言，武汉现在就是个疫区，去过的很容易就染上了，还是彻底封城比较好
1,中国加油加油加油！！！
1,1月17日了还从武汉出来旅游...这么说虽然不合适但武汉的各位都是潜在病原携带体真的尽量别去外省市吧...
1,见鬼了，一看新闻感觉自己头晕眼花，鼻子堵，咳嗽。反正类似症状我全部都有了似的
1,卧槽，刚开始全是50岁以上的现在19  28  37都出现了？？？变异了？？？
1,哪有什么白衣天使，不过是一群孩子换了一身衣服，学着像前辈一样，治病救人和死神抢人罢了。
1,一刷新就是确认的消息
1,天府之国给我撑住！！！！！
1,看看四川的，对亲密接触者进行了持续观察，武汉那个老太太还要人家家人上报才知道去找人，这就是重灾区的管控手段？全世界都为武汉紧张，就人自己喜欢浪，到处跑，有病去医院免费治疗，然后康复，不香吗？非得搞死自己连累其他人
1,朝鲜都他妈关闭中朝边境了，你他妈武汉的不知道封城吗？？？？
1,我日，绵阳来了
1,28岁女性？这也是年轻人也染上了。年轻人儿童也别忽略吧。2020大家都平安...
1,大自然爆发了，如果人们再不遵守自然法则，肆意妄为，之后会越来越坏的！保护自然，维护生态，从自身做起！坚决抵制野味！！！！！！
1,武汉人可以不到处走吗
1,云南挺住
1,江苏顶住
1,保护好自己啊大家
1,①出门最好戴口罩勤洗手  ②咳嗽打喷嚏时捂住口鼻避免唾液飞溅③将肉类蛋类禽类彻底煮熟④避免与呼吸道感染者接触  ⑤避免近距离接触野生动物和活牲畜️⑥不要在公共场所随地吐痰  ⑦尽量避免去人多的地方️⑧有发热咳嗽现象要及时就医不要拖⑨不要食用来路不明的野味⑩不信谣不传谣科学防范
1,卧槽能不要不要来四川啊
1,求求武汉人民或者在武汉的外地人都别往外逃了医护人员都工作在救援一线已经很辛苦了你们安安稳稳待在家里好吗现在病例全是出入武汉的非常时期求求你们别乱跑了然后加油
1,19岁都有了  年轻化了
1,我是说青年人不易感染吗？28，37，19好像也挺年轻的
1,在武汉待的就别动了別侥幸的觉得自己不会传染    各省挺住！！
1,从武汉成都来旅游的真的讨厌
1,赶紧封城吧我的天别再说什么怕封城了造成全国人民恐慌你现在不封城才会造成我们恐慌好吗？？？
1,在武汉待过就先确认好没有携带病毒在回家吧
1,尘归尘，土归土，医闹不配有父母。               道可道，非常道，医闹都是大傻冒。
1,本来开开心心的一个年，因为这件事真的好糟心。希望不要再传染开了。我今天在打喷嚏，也不知道怎么回事。
1,中南西南都沦陷了
1,刷一次多一例
1,现在再去评价几天之前离开武汉的人已经没什么意义，毕竟当时疫情还未被大范围发现，他们也对自身情况不了解，我相信现在武汉人民没有必要的事情一定不会轻易出城了。我们要做的就是对自己也对每个人负责，不去人流密集的地方，出门一定戴好口罩，如果有年长的亲人不重视疫情，一定要为他们普及严重性
1,曾几何时，贵州是多么的安全，非典，禽流感，疯牛病…都进不去。现如今，交通便利，贵阳也变成了西南地区的交通新枢纽，终于也抵挡不住病毒的入侵了…
1,但凡那么几个憨批管住自己的b嘴不吃野味也不至于全国乃至全世界为他们善后
1,贵州也？？？
1,请把"离武汉远点！待在武汉别出来！"换成"武汉加油！武汉挺住！"在武汉的群众希望待在当地，有感染特征及时接受检查！我们有一个共同的名字叫"中国人！"
1,我吃了那么多折耳根能不能放过我55555555
1,江苏给我挺住！！
1,加油加油一起行动起来吧！
1,大家转一起来吧，扩！！！！！！！
1,全都加油！一定可以挺过去的!!
1,一起加油
1,老年人就是不听劝，我要疯了
1,河北也阵亡了…只剩西部六兄弟和江苏了​​​
1,大家出门在外的都照顾好自己，戴口罩，勤洗手，共同抗御病毒。过个平平安安的好年！​​​
1,保护好自己就是在帮忙大家都要好好的
1,加油啊！
1,转给家人……前提是他们也得听吧……没有一个在乎的……还说我天天想那么多说我胆小怕死……我被怼的无话可说……他们我快被气死了
1,哥也要注意身体
1,加油！
1,加油！相信我们的国家！平安
1,防控疫情我们在一起，加油！
1,出门记得一定戴口罩
1,警惕重视但不恐慌。做好自己能够做的事情。人人防护，听从专业。防控疫情，我们在一起！感谢所有的医护人员们，辛苦了！
1,戴口罩，勤洗手，注意做好个人防护！
1,大家做好防护工作保护自己及家人注意安全
1,大宜昌挺住！！！
1,加油加油，一定可以的
1,所有人戴口罩
1,大家都要记牢哦！
1,强烈建议加强农村偏远地区的宣传，从全国各地返乡的，都很有可能携带病毒，这两天将会是春运的最高峰，农村的人这方面意识比较薄弱，很有可能不知道病毒的可怕，所以请乡村干部们加强病毒的防治措施，加大病毒可怕的宣传力度！
1,合肥加油，安徽加油，武汉加油，中国加油，大家都挺住！团结
1,我最担心是湖北的其它地级市，感觉都聚焦武汉，武汉周边的县市完全被遗忘了，也没有人重视。武汉和湖北其它县市的人员来往可远远大于全国其它省份以及国外啊！
1,吃野味的立刻biss好吗
1,刷新一次确认一例…
1,我作为一个安徽人身边的人都没有意识，所以真的尽快扩散让所有都重视起来吧，拜托了，老人根本不知道消息！
1,建议晚点开学
1,真的恨死那些人了
1,全国人民行动起来了，这就是我们中国人的团结！中国挺住
1,加油安徽挺过去
1,安徽的为什么没有像其他省市一样写一下看诊情况，有无去过武汉等信息呢
1,刚刚看到发生这次的肺炎主要原因是野生动物，看来就是几张死馋嘴惹的祸了
1,回来传染给亲朋好友，让他们被隔离观察。对你们这些从武汉返乡的有什么好处？？？
1,该封城了！！！！！别作了！输入性感染，听不懂吗？
1,安徽挺住
1,安徽挺住啊啊啊
1,真的不是地域黑，非典时期北京都隔离封锁，必要时要考虑封锁武汉才是万全之计。
1,明天要去六安市区，已经决定不去永辉采购年货了
1,天啊
1,坐标合肥，刚听我妈说，我哥家住的那个村明天有一个人要从武汉回来，我哥说都不敢回家
1,安徽某县城，外出的人戴口罩的很少很少，还都是年轻人
1,安徽挺住！安徽的大家一定要做好防护措施，一定要挺住！安徽加油！中国加油！
1,安徽的怎么热搜上不去
1,天啊，我刚刚和家长说，他们一点都不重视，还说肺炎什么都不算，我枯了
1,让社区干部，驻村干部多进村，场镇赶集宣传，我外婆他们不认识字今天我在轨道6号线给一个孃孃口罩她还不要，意识不到危险
1,请更新安徽新型冠状病毒实时信息！
1,我去我芜湖的开始慌
1,我真的从来不是地域黑，但是现在我真的只想说湖北为啥子乱吃，没有经历非典还是咋子哦，现在开不开心嘛，整个中国都在给你们擦屁股善后，那么多人人家凭啥子感染上新冠？？都因为去了湖北？人家都要感染上吗？在湖北的就不要乱跑去其他城市了谢谢  野物贩卖链哪一条链子上有关的人都该死，不论对错。
1,我的大安徽啊哭辽，没躲掉，该死的它还是来了
1,安徽池州市青阳县医院这块有一个疑似病例，怎么没有上报呢
1,我真的有些着急，住在合肥，和我妈去超市几乎看不见人戴口罩，我妈戴的还不情愿，遇到认识的阿姨人家还玩笑打量。讲给我爸听，我爸不耐烦说我这两天一直在啰嗦。请问可以让各大移动公司发短信提醒之类，来提高他们的自我保护意识，勤戴口罩保持卫生健康！
1,芜湖人在家瑟瑟发抖
1,六安人瑟瑟发抖
1,黄山市屯溪区有两个来自武汉的大学生，然后（不敢说了）……
1,在安庆的我好方，离武汉好近啊
1,安徽的我还买不上口罩，哪怕普通一次性口罩都没有
1,病毒源100%是从武汉出来的，请国家严查啊，传播的速度太快了。又刚好春运期间。建议武汉市隔离加强严查，没有针对武汉人民，只是先找到病毒源头，国家专家组会努力找到治疗疫苗办法……武汉人民加油，我们与你们同在
1,六安西站我看到医生都冒着大雨在测体温，今天六安下大雨，辛苦了，可是来网路人没一个戴口罩的
1,湖北省地级市麻烦也关注一下加强宣传真的离武汉很近而且很多人都从武汉回来了
1,淘宝卖野味的店铺【山鲜调旗舰店】【聚家亲旗舰店】【悠果淘旗舰店】【吴琼旗舰店】希望有关部门重视！！！杜绝病从口入！！！
1,吃野味biss
1,强烈建议发文让长辈们取消过年的活动，怎么说都听不进去，还要被骂。
1,太恨那些吃吃吃野味的人了
1,口罩问题解决下啊，都买不到口罩了。我在西宁没买到达标的口罩      口罩问题解决下啊，都买不到口罩了。我在西宁没买到达标的口罩
1,1、多喝水、多喝水、多喝水，不渴也喝水2、戴口罩、戴口罩、戴口罩，出门戴口罩
1,这消息有点慢啊，安徽昨天就有确诊四例了
1,安徽也红了
1,安徽真的不止这几例，蚌埠这边有好几个疑似病例都没往上报！
1,合肥人民注意安全，多通风，戴口罩。
1,昨天叫我妈戴口罩，她还说你看街上有人戴口罩吗？说我小题大做，今天上街，看到好多人戴口罩了，然后她说中午已经买不到口罩了
1,愿病毒早日结束，希望所有人都安康，钟南山院士太让人感动了，希望电视里也多普及一下防范措施，很多老年人不上网
1,求求安徽延迟开学吧
1,安徽的终究还是来了。今天下午看的时候还是被别省包围状态呢。
1,破安徽给我挺住！加油！好好的过个年
1,平安
1,加强宣传！
1,安徽挺住
1,今天在合肥，明天回六安，这病毒跟我过不去了
1,祝平安
1,其他省都公布人员活动及措施，安徽官方也不公开说明那些人的具体情况家住哪里，经过了哪里？？这都确诊9例了一点措施看不到，合着安徽春晚可以上热搜，黄山风景可以上热搜，这个消息安徽一点都不放？安徽省人民也zf微博开精选评论我真的是服了​​​
1,卧槽卧槽确诊了安徽挺住
1,安徽挺住！
1,感觉个大省份都逃不掉啊
1,能不能写具体些，患者的性别年龄以及是否从武汉归来，这些都是重要信息
1,安徽首例的工作史，流行病学史呢？可以公布吗
1,昨天看到合肥一例我就开始买口罩了，今天六安就确定一个了，这速度有点快，希望在武汉的同志还是不要乱跑，好好待在住所，共渡难关战胜病毒，别来回跑了加油！
1,我在鄂豫皖交界处上班天天跟来往各地的人打交道好慌……
1,大家少出门，多通风，一定戴口罩
1,不要再吃野味了报应还不够吗让大家好好过个年吧
1,安徽加油，中国加油(ง•̀_•́)ง
1,建议大学生推迟开学
1,建议全国都推迟
1,大学生大学生
1,新疆西藏青海中国最后一道防线，大西北给我挺住
1,大学生停课还有武汉的学生回各大高校上学怎么办……
1,别的省能不能考虑一下
1,大学生从各个地方赶去  更应该重视啊
1,保护我方高三学子
1,高三怎么办啊我很多朋友艺术生传媒生全都不能参加校考了可以对湖北考生延期吗难道眼睁睁看着他们放弃？
1,所有学生一视同仁吧。
1,全国都注意一下
1,全国都延迟开学吧
1,大学生可以早点通知吗  毕竟还要提前买票啥的
1,高三的怎么办！！！想读书
1,不如学校在网上开班上课吧，也省得我们家长接送了
1,考研复试！！
1,建议全国推迟不是不想上学高三时间真的很紧但是为了安全起见尤其是开学的时候人真的很多
1,大学生啊！！！全国人口流动啊！重点考虑，谢谢！特别是二月初就开学的！
1,高三学生求重视
1,学校可不止武汉的，武汉本地好多学生在外省上学呢，不如全国一起延期吧
1,大学真的更应该推迟开学…现在各个城市地区都有发现了武汉城市大学也多各个城市人都有别的城市也有从武汉去往别的学校的
1,说高校的……这里说的是市属高校啊，可是很多大学不是市属的啊
1,应该推迟开学
1,还有上班的！家长年初几就上班了，有的去隔壁省隔壁市，口罩现在还没买到，买的还没发货，真的很担心他们
1,大学生才是最窒息的啊
1,大学生呢？??
1,强烈建议加强农村偏远地区的宣传，从全国各地返乡的，都很有可能携带病毒，这两天将会是春运的最高峰，农村的人这方面意识比较薄弱，很有可能不知道病毒的可怕，所以请乡村干部们加强病毒的防治措施，加大病毒可怕的宣传力度！
1,我觉得全国都不能开学啊！
1,请给铁路工作者们配备口罩和防护服吧！！！！（普速列车、高铁、动车）他们接触大量旅客很容易被感染同时也因为接触大量旅客所以绝对不能被感染！！请允许他们戴口罩吧，不要因为仪容仪表我们旅客不在乎正值春运火车属于密闭空间！车上全国各地的人都有
1,疫情严重肯定会延期开学的
1,中小学可以临时通知，主要是大学生啊，来自五湖四海，而且还要提前订票啥的，不提前通知真的没办法安排行程。
1,大学生呢？？
1,大学应该也这样  武汉大学生最多了
1,大学.....北京的表示有点慌
1,能不能延迟上班
1,延迟开学暑假再补也可以，武汉大学生那么多，真的受不起…
1,真的推迟开学吧减少人员流动！！！！！！！
1,全国各地都有，不要认为自己的所在城市没有报道出来就是安全，潜在的病号数不胜数，我们要做的是保护好自己。
1,上班族请求统一（举手）
1,不是，高校不就是大学吗？大家在问什么呢
1,能停课还是最好全国都停课吧，这样真的让大家都没有心情上课，上课也不会专心的。而且学校真的是传染病的多发地，还是有风险的。为避免像sars那样，还是停课吧
1,大学生最应该推迟不管是去武汉上学的还是武汉人去外上学
1,小中大也一样吧
1,懵逼了请问三月有可能要去武汉参加研究生复试的怎么办
1,那其他省份的大学
1,高三学校要求初四回去坐标武汉武汉睿升学校
1,建议全国学校延迟开学，尤其是大学，流动起来人口太大了。
1,大学生出去上学才危险吧！
1,求求您了，来不及了，澳门2.3开学，我有武汉同学[骷髏]
1,还有武汉高三学生！！！大年初五就要回学校了！！！怎么可能安心上课
1,建议全国大学中学小学全部推迟开学！
1,武汉百万大学生，希望能尽快作出措施，疫情得到缓解！
1,建议推迟，特别是大学生。
1,别说什么“你们就是不想开学”这种话，我们只想爱惜生命，不让肺炎一直传下去，恢复过后暑假不放都可以啊！人都没了学啥有什么意思
1,还有我们高三补课生....2.1就回去了
1,全国的高校应该都要考虑推迟吧全国高校都有武汉的学生啊.....
1,大学生！大学生！各地的大学生……
1,郑州飞墨尔本的航班，中转在海口，然而武汉飞墨尔本的航班，中转也在海口，郑州和武汉两地后续飞墨尔本的是同一班飞机，可是为什么从武汉出发的可以免费退改，然而从郑州始发的就不能免费退改呢，虽然两个出发地不同，但是后续航班是一样的呀？求转发求看到
1,艺考生呢？？？人哥？？？？？这马上就快了
1,现在还在犹豫买不买去武汉的票和从武汉出发的回学校的票！
1,怕的是，武汉的学生不仅仅在武汉上学啊，遍布全国各地希望开学前能有效控制疫情
1,保护学生安全，听从政府安排
1,研究生研究生！！！！看看我们弱小的研究生吧，初十就要上班
1,大学生不是学生吗？呜呜呜，哭了，我们上了年纪，相比中小学生更易感染啊喂
1,大学生？
1,有些高三放一个星期就回校了
1,全国的大学生啊武汉的孩子也要到全国各地上大学啊
1,我担心的其实是年后的艺考校考，那乌央乌央一大片人的挤在一块考试那咋办啊
1,更麻烦的是艺术生校考啊
1,还是都推迟吧，到时人流量一大可能渐渐消退的有起来了
1,机场停留就
1,停留2小时就？？？
1,在武汉机场停留两个小时？？？
1,仅在机场停留？？？这太可怕了
1,在机场停留就？？？？
1,大连这个39度上飞机，还TM坐地铁，坐公交去大连中心医院。就是个坑B
1,3M口罩原价大概5块钱一个，现在涨到二三十一个？我没有针对任何卖口罩的人，可能大家拿货也会贵了一点。商机并不是现在道德的边缘趁国难之际趁火打劫、哄抬物价。无德无良，何为商？这些话仅为我的个人观点，不知是不是我三观过正情商过低，还是我没有商业头脑不懂变通。
1,能不能政府部门售卖或者免费发放啊，你这在这儿喊严打根本打不到几个的，效果点又不理想，还是买不到口罩
1,过年当头，发国难财，这些人的心都是黑的
1,发国难财必遭天打雷劈
1,愿平安
1,什么时候可以来管管西安的药品价格?买的药品远高于平时的价格，打电话到消费者协会投诉，人家给我解释的是，非处方药是市场调控价格，没有严格界限，那这意思是，想卖多少钱卖多少钱咯
1,我们山东已经涨钱了，比之前价格翻了三倍。口罩
1,淘宝里一个口罩运费500的可以管吗
1,我们这儿两家药店，一家涨了一倍多，一家虽然限购，但还少算我一块钱人和人的差距，有时候真不在技艺的高低
1,还应该限购吧，以防口罩黄牛
1,一起来举报
1,严查
1,治疗的经费都用罚来的钱补贴就好了
1,敢哄抬的都是有后门的，谁知道70周年国庆满大街的小红旗是哪里的？是从强大的背景和后门家里出来供应的。希望执行部门说到最多。现在是全国的灾难了，谁牛逼谁叫人全国人死
1,前几天去药店买一次性医用口罩只要5块钱10个，今天去买就变成了18块钱10个，一下涨了13块钱，我们这是个小地方也没什么人管
1,打电话投诉居然说什么属于正常情况还不到国难的程度，态度还超级差，这就是12325
1,投机倒把罪
1,如果湖北早10天通报，不拖到春节，口罩也不会涨价。
1,我这有个药店得绑定一包板蓝根才给卖…(四川)
1,我有个医疗机构的朋友N95口罩50只298元，我都觉得有点小贵，评论里的价格是疯了吗
1,现在是各大药店都断货了！网上也是断货都买不到
1,发国难财的都biss
1,大药房吃相难看，我走进去问有没有口罩，他说有，十三元一个，我看了下是普通的一次性口罩，一大包里面几十个的那种。我问她为啥卖这么贵，她说物以稀为贵，口罩不多，要买的人确很多，所以需要限购，我说那也不至于这么贵吧我默默的走掉了，还是待在家里不出门最省钱。
1,我这边一次性口罩都能卖到2块一个，发国难财，坏良心
1,发国难财，应该抓一个，杀一个。
1,干得漂亮！
1,谢谢
1,稳重
1,保护好各位医护工作者，尤其要保护好钟南山院士啊！80多岁的人了，为此尽心竭力，到处奔波，还奋战在武汉第一线，他不仅是首席专家，还是中国抗病毒的旗帜，是精神支柱，防护工作一定要加强啊。
1,吃野味的biss，尤其快手上直播吃野味的，带坏群众
1,冠状病毒对热敏感，可保持56℃30分钟，乙醚、75%乙醇、含氯消毒剂、过氧乙酸和氯仿等脂溶剂均可有效灭活病毒。氯已定不能有效灭活病毒。    起病以发热为主要表现    从临床表现来看，新型冠状病毒肺炎起病以发热为主要表现，可合并轻度干咳、乏力、呼吸不畅、腹泻等症状，流涕、咳痰等其它症状少见。
1,冠冠冤有头债有主谁吃的你你找谁放过无辜的人让大家过个好年
1,中国移动终于发短信了
1,外地人不要到武汉！武汉市民无特殊情况下不要出武汉！玻璃心看清楚了这不是我说的是国家卫健委说的
1,已经把日报设为特别关注了，每发一条消息我都以为是多了一例确诊。我有点魔怔了
1,说实话没有必要因为少数憨批就仇视一整个城市的人，很多武汉本地人的家就在那里根本去不了其他地方，大家都是一家人，共同御敌，不搞内讧。但是冤有头债有主，那些吃野味，得了病还到处晃的人，祝你全家早日被病毒战胜！​​​
1,阿冠听我的  谁吃的野味你去找谁让大家好好过年吧
1,家里老人都不听！你说说怎么办！路上根本就没几个戴口罩的，我急死了都！！
1,注意安全
1,2002年的非典我还是一名小学生，那时候的我真的没有想到，2020年的冠状病毒肺炎，我竟然成为一线，要值班发热门诊了。⚡⚡⚡
1,记得垄断口罩市场，可以发横财
1,现在口罩都买不起了
1,咸宁口罩卖脱销了看啊！现在药店的推销金银花口服液！
1,感谢教学！不过现在买不到口罩希望商家和工人赶紧加油！！！
1,口罩都买不起了好吧，今天一家店n90卖20一只，厉害了
1,买不到口罩
1,转转转！！
1,正确佩戴口罩
1,有没有口罩
1,把价钱控制住再说
1,但是买不到呀。。
1,怎么举报高价卖口罩的人？
1,买不到口罩呜呜
1,请注意，使用过的口罩是医疗垃圾，需要先用袋子封好，才可丢弃！
1,我同学在北京某航空做空乘，领导不允许她们上班戴口罩，原因是说如果她们工作人员都戴了，人们会更加害怕紧张……？？？这局面已经全国各地人心惶惶了，难道她们不戴就可以了吗？！空乘一天接触多少来自各地区的人，难道不应该首先保证她们的安全吗？
1,买不到怎么办
1,买不到刚刚下手快买了一包10个，然后就没了，好难啊啊啊啊啊啊啊啊啊
1,码住
1,坐标河南信阳，十八线小城市，目前我们这边口罩还供应充足，价格还算便宜，实在买不到口罩的话我可以帮大家寄，普通一次性医用口罩，医用外科口罩比较少了  n95无
1,问题不是我会不会戴我根本买不到医用外科口罩！全是护理口罩药店里。
1,武汉加油＾０＾~
1,了解！
1,可我没买到
1,断货买不到
1,佩戴完的口罩应该怎么处理？
1,大家都好好学起来，保护好自己
1,滴滴！！！
1,带口罩的方式，学到了
1,强烈建议人手一份不然口罩白带了！
1,买不到
1,还没买到呢。
1,一定要备用口罩
1,还没有买到口罩
1,嗯，学会了，那口罩呢买不到啊
1,已经买不到了
1,学会了口罩呢
1,银行员工，不让戴口罩，想想都害怕
1,想一想怎么能让老百姓买到口罩我们知道要买n95或者医用外科口罩但是问题在于根本买不到口罩！！！！普通口罩已经涨到没边了！！！！我家现在还买不到口罩，奥对了我家牡丹江的，距离二院仅隔一条马路
1,正确
1,医用口罩可以吗！！！！
1,无良商家把普通口罩当医用口罩卖
1,戴口罩
1,学到！
1,坚决抵制那些坐地起价发大财的无良商家卖家
1,口罩脱销
1,发国难财biss
1,看着数字不断的增加，再看看周围人的漠视，真的很无奈。早上坐出租，戴口罩，司机还说我们这没有发现呢，干嘛搞得这么紧张？就是因为有那么多不重视不相信的人确诊疑似病例才向全国蔓延。赶上春节人口流动这么大，可就是有人不愿意预防，谁也不知道周围哪个人是潜在病毒携带者，真的很无奈
1,全国实施谢谢！！发国难财的没有心
1,现在淘宝口罩坐地起价的商家都给截图了等熬过了这个坎再把这些商家挂出来然后问问他们b脸还要不要了挣这些钱希望他们花不了只能家里人上f的时候给他们烧过去
1,虽然我们要相信国家科技，要相信医疗人员，可是必须说的是，现在医疗人员奋战一线也是非常危险的，大家真的只能从自身做起，防患于未然，才是减少国家和医疗人员的负担。可能信息的传播真的有延迟，所以大家更应该把信息传播给身边的人，让大家引起重视
1,发国难财的，你的良心不会痛么
1,我想问下什么价格才是正常的价格?
1,适当涨点无可厚非，如借病毒灾害之际哄抬价格支持严惩！
1,刷新一下微博就看到了增加，内心忐忑不安
1,浙江的朋友照顾好自己
1,希望zf严查并【严惩】贩卖猫狗肉，老鼠竹鼠等【野味】的相关人员，我们不希望因为个别【作死】而让全世界【遭殃】。
1,中国加油
1,宁波还是没能逃离魔爪，希望大家都能平平安安的
1,加油
1,不要再增加扩散了
1,不敢刷新了，一刷新就多几例。
1,各位保护好自己
1,一定会好起来的
1,愿平安
1,不要再增加了
1,woc？？？？
1,大家都平平安安的！做好预防！！
1,注意安全
1,我已经发到亲戚群，希望不要串门拜年啦！大家视频即可！
1,真的，吃野味就该死，要所有人为你们的贪吃买单？凭什么？吃野味的灵车飘移
1,我是一个武汉人。在举国呼吁武汉人自重的今天，有话说。
1,请把"离武汉远点！待在武汉别出来！"换成"武汉加油！武汉挺住！"因为我们有一个共同的名字叫"中国人！"
1,韶关2例是在哪啊
1,湛江哪里啊知道嘛
1,搜搜逃离武汉，真是触目惊心
1,疾控防御重中之重，加油武汉！加油中国！
1,当年北京非典，北京封城，我们有秩序排查发热情况，没有人想要跑出北京去其他地方，踏踏实实注意安全注意防护，尽量避免人群密集区域的生活状态下，全北京在国家的要求安排下，紧张但有序开展防护和应急工作，扛过了几个月的非典时期。
1,希望大家近期都要做好防护措施
1,转发微博
1,爸妈不愿意戴口罩啊，说了不听
1,照顾好自己，少给国家添麻烦！
1,打喷嚏时如果没有纸巾手帕，选择用手肘遮挡要比用手掌遮挡要好，因为手肘相比手掌使用接触更低。
1,麻烦央视、尤其各大地方卫视。新闻多报道一下吧！我家父母老人都还是无所谓的样子，总说没事，概率太小之类的。。真的麻烦重视一下，他们的意识还是太薄弱了，但他们会相信新闻报道的，球球多报道一些，让他们重视起来！
1,哪有什么白衣天使，不过是一群孩子换了一身衣服，学着像前辈一样，治病救人和死神抢人罢了。
1,别再吃野生动物了
1,病毒源100%是从武汉出来的，请国家严查啊，传播的速度太快了。又刚好春运期间。建议封城严查，没有针对武汉人民，只是找到病毒源头，国家专家组能找到治疗办法……武汉人民加油，我们与你们同在
1,吃吃吃吃你
1,别光在微博上宣传，多个途径都用上吧，老人根本不当回事
1,真的服了。下次就该红字写上，吃野味不孕不育，吃野味一生倒霉，吃野味永远穷鬼。
1,武汉赶紧封城吧，测体温根本不能彻底控制，病毒是有潜伏期的，而且病毒有变异的可能，如果不封城集中治疗的话，恐怕形势难以控制。当时非典北京都封城了，不是针对武汉，减少传播源是控制的最有效手段，过年真的比生命更重要？希望武汉人民减少走动，国家会帮助你们的，对自己负责，也对全国人民负责！
1,猪肉不香嘛？？非要吃野味
1,吃野味的吃你
1,人类进化千万年，老祖宗们大约把任何可食用的动植物尝了个遍，精挑细选流传下可供实用的成为了食谱里的美味，而那些没有进入食谱的，只会难吃或有毒。为什么非得尝个鲜、搭些命去吃那些野味呢？
1,等这个事件过去了，一定要立法严惩抓野味和吃野味的人
1,吃了的能不能判刑？卖的人能不能判刑？自己想死无所谓，但是让普通人和无辜的医护人员为你买单吗？？？
1,我认为制造这场灾难的罪魁祸首是人类，人类是不应该食用野生动物的。人类大量残忍捕杀野生动物，把它们当作餐桌上的美味佳肴，以至于它们身上的病毒传染到人类身上，导致非典病魔肆意骚扰人类社会，严重损坏人类身体健康，甚至夺取人们的生命。
1,坚决关停野味馆[/cp]
1,现在国家比我们还着急，新病毒感染途径和特征需要时间去研究，我们需要做的是  1、没有特殊情况，老老实实家里呆着2、命比过年重要，实在不行就异地过个年3、不要侥幸，认真按照专家的话做好防御4、相信我们国家的实力，17年前我们能打败非典，现在更能。
1,真的建议封城啊我们18线小城市都好像有了，就是从武汉回来的真的要委屈一下他们了，就算春节回不了家，以后都可以回来啊，但是将病毒带到个个地方了，真的可能有些人一辈子都过不上春节了
1,拒绝野味
1,建议做一篇关于吃野味的危害性报道
1,17年前的非典就是吃野生动物引起的，17后还是吃野生动物，有记性吗？当地的市场监管部门是干什么吃的？
1,建议立即取缔所有野味市场，不能让某些人一时的嘴瘾连累全国人民。这本来就是破坏食物链规律的行为，我们正在为一些荒唐的无知且自私的行为买单。
1,保护野生动物人人有责！
1,。。还他妈吃还他妈吃野味，自己想死别扯上无辜的人和医护人员行不行
1,请立法，禁止吃野味
1,我昨晚睡前是319例。
1,政府你到底高度重视了没，一个武汉的男人都发烧确诊了，他老婆还能坐火车到江苏来，刚到扬州发烧送去医院了，整个车厢的人跟着遭殃。就算你不禁城，你不应该采取措施禁止高危人群出城吗？这些都是真的媒体可以去核实。希望媒体看到事态的严重性不足性。武汉政府请给力！
1,我好揪心，在武汉还没回老家呢
1,昨天看野味市场里有标价吃骆驼孔雀啥的我的三观刷新了
1,现在确诊的人数骤增，并不意味着传播速度就有这么快，毕竟从发现到确诊是有一个过程的。。。别再抨击武汉和政府了。。。相信国家，相信政府，与其在这儿吐槽，引起恐慌，还不如注意防护，保护好自己
1,受不了朋友圈那些抖机灵的。说什么爱情都轮不到你肺炎还轮得到你？还有说什么艾滋病一年几十万个不见你们害怕死几个肺炎有什么怕的？发这些言论的人也太可笑了，也许你不会染上肺炎，你就不怕自己亲友染上？你就不怕身边其他人一传十十传百的把疫情扩大？到时候你还能在那编段子取笑采取防范措施的人？
1,前两天还砍人家医生