1,平安
1,江苏物资
1,江苏人民的宝贝不应该是武汉政府的炮灰！
1,保障各个省份医疗人员和物资安全吧
1,浙江支援队在武汉支援江苏支援队？？
1,江苏医疗队的事情怎么说要是假的赶紧辟谣
1,江！苏！医！疗！队！
1,江苏物资解释一下？
1,江苏的事情到底什么情况
1,江苏物资！！！
1,浙江医护人员吃馒头和泡面？？？不善待就请把他们送回来，她们是我们浙江的宝贝
1,看看江苏？
1,江苏的行李还了，物资呢？？？说辟谣的给我一个官方的说法，注意，官方，不是什么阿猫阿狗的辟谣微博
1,给江苏人民一个说法，我们要知道怎么回事
1,在？河南很多中学已经通知2.17开学了，有的开学后强制住宿，自带口罩物资，可我们啥都买不到甚至有学校让后天返校在寝室隔离七天开学，就河南这基数，一个学校有一个人就完蛋人数立马追上武汉噢，不管管？
1,祝愿在一线抗疫情的医护人员，武汉人民，在家好好过年的人们，还有因为疫情不能回家的人们，平安幸福！
1,河南重灾区，现在各地竟都在筹划着开学，而且时间不统一，这么随便么，可以学校自己来定是么。这人口流动，河南第四重灾区啊，最起码，统一个时间。请官博重视啊！这是事实，不是谣言！！！
1,江蘇物資江蘇物資謝謝
1,物资我先不问了如果是真的那抢的人司马我就问问能不能让我们医疗人员起码吃饱饭不能麻烦送回来
1,河南省到底什么时候开学，疫情这么严重你让我们2.17千里送人头吗！教育部冒这么大的险？？我们学生的命不是命吗？成绩比命更重要？？还每人若干口罩？？我哪来的若干口罩？？
1,……江苏
1,这个话题几千万阅读，上不去热搜？！
1,滚滚民意，不是删帖就可以的，你是党媒，是人民的媒体，要倾听民意，对民意大的要去调查求证，而不是删帖躲避，你要对得起党中央，对得起人民
1,有什么用，物资都抢了，打什么仗
1,到了麻烦安排妥当！
1,真是服了，微博就是法外之地了吗，随便都能出来带节奏
1,看好物资！配好保安！行政！厨师！8000多万的阅读量，9万多的评论，一直被打压上不了热搜，请辟谣，老百姓要的是真相！
1,在此同时，武汉zf能不能好好爱护一下全国各省派去的宝贝？
1,各地医疗队能不能拜托当地驻地部队保护物资运到武汉，这样武汉zf会不会收敛点
1,顶上热搜也只是为了知道真实的情况，听说由于现场人员太多比较混乱，随行物资延迟到达了。希望医护人员一切安好，大江苏是你们永远的后盾，等你们凯旋！
1,英雄们！无论你们来自哪里！待疫情退散！山河无恙！愿你们平安回家！
1,保护好自己的行李和物资
1,希望湖北省zf不要再辜负国家、全国人民
1,暗示传闻是真的？
1,众志成城共克时艰武汉加油中国加油
1,致敬所有一线医护人员平安归来
1,不回答，压热搜，那就是默认了呗！一群G管！
1,你们可以的！我们也一定可以的！加油！
1,中国加油，武汉加油
1,江苏的物资呢？？？？
1,江苏医疗队的物资可以说明一下吗
1,致敬所有一线医护人员，辛苦了
1,江苏医疗队的物资呢
1,河南部分中小学已通知2.17开学！！！是真的，不是谣言。请官博重视一下啊！
1,江苏物资呢
1,怀疑大理市领导被调到武汉任职了吗？江苏物资呢
1,山西的医生护士们注意安全，加油！！！
1,江苏物资！！！出征的战士不能没有武器和铠甲，医疗队也不能没有物资！！！
1,江苏医疗队的物资怎么说！
1,江苏怎么回事？？？？
1,各地援助的都要保护好自己物资啊
1,别以为江苏只会散装，团起来吓死你，我们要真相，辟谣也要像个样，别想忽悠我们
1,江苏医疗队物资的事什么情况？
1,湖北人抢江浙沪医院的物资怎么说？？
1,江苏十三太保被伤透心了
1,江苏物资呢？媒体人的责任还有吗？赶紧爆出来
1,含泪付出的人，一定会含笑收获的。
1,评论里整天冒出一些无脑黑阴阳怪气的人甚至参杂着地域黑你们这些人有意思吗你们搞得像我们武汉不希望疫情快点好一样人命关天啊都什么时候了还在说我们武汉内斗，抢物资扣押物资……
1,广东加油，荆州加油
1,中国是一个生命力旺盛的国家，他有"野火烧不尽，春风吹又生"的顽强，只要等到春风轻轻吹过，他又能焕发新的活力。中国加油！
1,还真以为我们是散装的吗，以为我们好欺负吗
1,江苏物资给个说法！！！
1,致敬英雄们，你们辛苦了！
1,不大明白，意思是以前生产的防护服是不合格的吗？
1,春天要到了一切都会好起来
1,相信一切都会完好如初，期待春暖花开的季节
1,笑死我，别的不说，口罩都没能生产，就算不能给医院用，给我们这种普通人用不好吗？啊
1,最近真的，提到湖北zf就来气，看他们新闻发布会更是觉得肺都气炸，就想知道管理湖北的是小学生毕业？
1,能不能关注一下百步亭？
1,此时不是积极帮助工厂达标生产，而且一关了之，决策者该杀
1,从小喜欢看推理悬疑侦探类小说，关于病毒是怎么来的，排除阴谋论我总结以下几点，1-蝙蝠通过空调管路进入病毒实验室然后出来被抓野生动物的抓住拿去售卖然后……2-实验室周围有养殖野生动物的被感染后拿去售卖然后……3-实验室把卖来做实验的动物拿去售卖然后……
1,“尤其是外省查办的三无口罩生产企业有些就在仙桃市，属于此次停工停产的企业范围”
1,我在仙桃彭场，镇上做无纺布的厂子很多，我家楼下的一家现在还没复工，做的是出口的隔离衣和防护服，应该是达不到医用的标准，合格的防护服才能有效的保护前线医护人员的安全。关键时刻不能给政府添乱。如果有现成的工厂和从业者，政府可从中督促改进生产质量，尽快解决医护用品紧缺的问题。
1,仙桃市场监管处理事情好随意，我买到了一个问题口罩，投诉过去，给我来一句无法与商家取得联系就完了，也没个后续结果
1,现在湖北连呼吸都是错的，明明很容易理解的一件事，也被人戳脊梁骨骂。符合民用的不符合医用，很多小厂是家庭工厂，如果让他们开工他们当然乐得大赚，但是会和符合资质的厂抢人力，原材料，只能管起来。至于为什么很多三无小家庭厂以前也能做？是是，我们湖北穷又不文明，只能赚这种低端的钱。
1,湖北现在形式太严峻了，出了武汉，好好几个市都破千了。
1,这个的回复是不是有点绕弯子的嫌疑？网友问的是“为什么那几家具有外贸资质的生产企业要关停”，不是被关停的企业中其他企业的关停原因，有相关出口资质的产品应该是可以达到使用标准的，省里的绿色通道是否审批速度过慢？必须要先停产等审批吗？可以理解湖北省的审批忙，但是这些企业可以备案先生产吗
1,“这两家企业只具备资格，并没有生产能力”，还以为自己看错了，特地看了几遍。这是什么国际笑话，没生产能力的公司为什么批准它的生产资格？有生产能力的公司为什么不批准它的生产资格？
1,玄学和封建迷信是两回事，瘟疫肺炎肯定是有一个源头，就是肺，庚子正月流月的疾厄星象属金，顾名思义肯定源于金，对应人体就是肺，在正月很难消退，大家加油！
1,达不到医用，普通的也行啊，给我们用啊
1,我是仙桃人，我家邻居就是做无纺布的，他家自己开的厂，因为这次疫情他家就开始生产口罩，做出来的口罩质量非常差，三无产品！不过一个星期前，市政府封了很多“三无厂”。这样的口罩生产出来有什么用？用手指戳一下就破了！说的难听点，就是发国难财。
1,河南真的要感谢有一个硬核省长，河南的省长真的太牛逼了！
1,大河南太难了，给我刹住啊
1,一直在减少就是好消息
1,信阳挺住呀
1,南阳真棒！信阳加油(ง•̀_•́)ง
1,河南已经很厉害了，不然会比这更严重
1,全国确诊400个的时候我紧张的要命，现在都40000了，我反而没啥感觉了，是麻木了吗？
1,从过百到八十多到六十多到昨天的53再到今天的40，河南加油继续降！
1,河南好棒！！！少了十几个！！！！
1,许昌终于退群了！不要再有新增了
1,一直在减少！河南加油！
1,河南自救硬核，多市联合救信阳，真是兄弟情深，也希望外部兄弟们多帮忙，河南出去的明星或国外华侨留学生快来捐款捐物，一定扛过难关！
1,河南整体在减少，信阳一直稳定增加
1,信阳怎么样了？想关心一下！
1,河南新增人数也在减少，河南加油
1,南阳挺住
1,南阳1例好消息坚持住必胜
1,河南，继续加油
1,大信阳加油，挺住啊！
1,连续五六天增速放缓！小豫加油！
1,濮阳10个了
1,驻马店挺住
1,南阳为信阳加油
1,看见商丘1例激动的有点想哭
1,平顶山这两天每天都是俩
1,罗山县挺住，信阳加油，河南加油！
1,我爱南阳，哇1例，就这样很好！！！！
1,挺好的，但是2.17开学，买不到口罩该怎么办
1,请求支援河南省南阳市信阳市
1,快点结束吧
1,河南继续努力啊，确诊人数还是有点多了，无锡都出公告不准河南的人进入了
1,信阳加油啊！
1,三门峡争气！！
1,信阳咋回事啊
1,信阳驻马店还是增加了那么多，心里还是害怕，希望疫情快些过去吧
1,我是辽宁人，为河南加油
1,商丘是果真吗？？？（不是我不信，是商丘某些地区前期防控比人家晚，后期也没见多给力）
1,已经在越来越好啦！！！南阳加油！！河南加油！！我们可以胜利的！！！
1,三门峡好几天0增长了，太好了，加油加油
1,信阳220例了！！
1,信阳加油
1,河南降了！！
1,商丘今天增的少了希望稳住
1,河南加油，新增出院就要超过新增确诊啦，奥利给！
1,河南一天只有40例真的是很厉害了  前期的排兵布阵有效果了！
1,濮阳怎么回事啊，本来就缺物资了这几天还一直在增加！一定要挺住啊！
1,信阳停住啊，不能增了，加油！
1,10787706552402
1,确诊数又下降了加油
1,南阳加油
1,增长中的信阳占了0.375的概率
1,河南，稳住！大家一起加油！万众一心，胜利在望！
1,以全国之力护一城，那么假如出现第二个武汉呢那就没办法了吧，有没有应急预案，很多地方优秀的医生都过去了。其他城市还是做好防护隔离吧，特别是人口密集城市
1,河南加油！三门峡加油！
1,南阳这么严重，还在支援随州。随豫而安，让我们一起渡过难关。
1,南阳终于少了
1,河南加油增加数字越来越少等0增加的那一天！
1,在减少了，河南加油！
1,封村封路都半个多月了为啥驻马店还增加这么多
1,我就是河南人，大河南要挺住啊
1,信阳南阳加油
1,河南继续降啊！
1,河南保持住这个势头，一定要保持住，我大南阳今天新增一个，也要保持住现在的势头。为政府点赞，为付出的逆行者点赞，我们老老实实的听政府的话，待在家里不乱跑。希望春暖花开，疫情消散！
1,南阳真棒
1,漯河我希望你稳住，就保持30这个数就行了
1,我大河南挺住
1,湖北返信阳98544人，只要这些人别乱跑先居家隔离14天就行，大部分在农村，还是要管好基层，别以为你村没有就放松警惕
1,南阳给信阳加油(ง•̀_•́)ง
1,河南要加油啊
1,南阳加油
1,评论里抓着那些归还口罩的，大理做错了，但是已经迅速落实归还，负责人也下台了，云南接纳了大批武汉滞留旅客，遣返回国的也有空投在云南，安置管理得很好，怎么就没人看得到
1,终于出现0了，虽然不是我们省，加油啊，云南！
1,云南一定要挺住，云南人顶起来
1,云南牛逼！！！！！
1,河南人民向云南人民发来贺电！
1,云南菌家族守住了他们的地位
1,有些评论真的是让云南委屈啊，云南做了很多努力，接收了从缅甸曼德勒回国的119名武汉游客，为不能返乡的游客安排定点酒店，派出了医疗队援助，提供了蔬菜水果等供应，但这些都没人知道。因为大理抢口罩，上了热搜，整个云南被骂，现在新增病例为零，不是应该高兴吗，为什么要在这冷嘲热讽呢?
1,害有些抖机灵的就省省了哈口罩还了该撤职的第二天就撤了云南也第一时间派一线医护人员支援武汉了蔬菜也捐了100多名武汉游客也给免费接待了不待见我们没关系咱们云南人自己团结起来~
1,云南山好水好一定能抵抗住的！
1,没有口罩的云南人民代替大理zf给全国人民道歉他们还回去了物资我也捐款了，我妈妈医护人员写了请战书去武汉（但是因为年纪大没让去武汉），云南免费安置湖北滞留旅客，在高速上流浪一星期的事情在云南没有发生，我们医疗落后但是派出好多医护人员去了我们很努力了
1,好样的！云南加油！希望这样的好消息越来越多！！
1,云南人就是老实做的好事从来不去大肆宣扬只在默默做事几个老鼠屎做的事被顶上热搜一时间只知道大理截口罩那接收空投农民捐水果没有上热搜不过另一方面云南人科技各方面还落后对信息接收传播不咋样  大部分人都不怎么关注微博
1,哦耶！加油(ง•̀_•́)ง
1,就想知道，大理归还重庆等各地的物资，归还的怎么样了？后续不跟进了嘛？
1,七彩云南，厉害，继续保持住每天0确诊
1,当时非典云南都不有，这次要不是那些s
1,有些人说话为什么要阴阳怪气，现在疫情面前我们不是应该团结互相鼓励吗？之前是大理zf不对，不是都有惩罚道歉了吗？能不能不要ETC？差不多就行了，本来云南就不发达，一个劲黑它有意思吗？你要是不想去云南你家别去，请别地域黑，谢谢！做人有点素质。中国加油，武汉加油！
1,稳住！我们能赢
1,没必要和这些地域黑喷子解释了  跟美羊羊一样三千多集找不到妈
1,好样的继续保持为云南点赞
1,看来野生菌守住了它的地盘
1,希望越来越多的省出现0。
1,别忘了大理一个小城市派出2支医疗队，一天之内落实酒店给滞留游客，协调蔬菜送往疫区。到现在大理没有二代感染者，单单除夕和初一两天，大理市酒店武汉游客超过8千，初二中午，基本所有武汉游客已经被全部集中封闭，禁止外出。处理不当的地方改正补过，上升到地域矛盾，人民仇恨，这才是可悲的地方。
1,云南海拔高，紫外线强，病毒的确是相对不容易扩散的，再加上，云南小乡小镇的出入人员都监管很严格，云南这次增加人数为0，不是靠抢了别人口罩才达成的成就，是云南的办事效率和上下级共同配合的监管力度达成的。
1,越来越好
1,云南好棒！！好消息总是越来越多！！
1,昆明管控措施还是很到位的，我们小区都要办出去卡了，进出都要量体温，电梯每天都有消毒。加上云南地处高原，风大干燥，其实地理环境不利于病毒传播，只要大家不扎堆不乱跑，控制住疫情指日可待
1,这是这个星期的第一个好消息接下来每天都有
1,云南加油！好样的，话说评论说口罩的请精准点艹，我们也很气愤
1,goooood！
1,我好想哭啊本来高高兴兴的事看了评论挺难受的我在昆明家里总共就个位数的口罩还是之前就有的都不敢出门以为是个好事可是那么多人在说
1,本来是一则正能量新闻，不知道地域键盘侠哪来的优越感。没有新增例数不是一件值得欣慰的事吗？为什么会有这么多不善良的人呢？积口德也是德。同在一个地球上大家都一样，都是个人罢了
1,加油加油！
1,好消息！
1,云南人表示政府真的有派人挨家挨户排查确保没有新增病例
1,本来看正文就好了看评论真的资火。扣留物资的事原因在大理zf大理人民也不知情好吗？一概而论整个云南省就更没意思了。何况现在已经还了。接待湖北滞留旅客和作出的更多贡献不需要隆重地让你们知道让你们称赞，就只希望不要扯着一处不放不要以偏概全地域歧视云南人。云南保持啊
1,国难当头不知道有什么好吵的这样的新闻不应该都感到高兴吗阴阳怪气的
1,真好！恭喜云南人民，希望我们河南，希望全国各省都能陆续出现好消息
1,已经还了口罩，而且这是zf问题，没有必要一直说吧！
1,能不能管控一下黑龙江？？外省死亡人数全国最高！怎么管控的？！能不能关注一下？！黑龙江企业没少为疫情捐助为什么一点不受重视？领导力度呢？！!??
1,为云南同胞高兴！希望我们贵州也不要再有了！
1,突然想起个故事，每天送一块糖给别人，有一天突然因为急事没送成，别人就觉得你是坏人，多心寒。。。。云南做了那么多，援助了那么多，甚至省会城市的老百姓从始至终都，根本买不到口罩看不到，上不了热搜。。
1,四川人向云南发来贺电
1,最烦那种个别上升整体的人了，这和当初那种上升全体武汉人的情况有啥区别。
1,别抓着口罩搁这
1,野生菌
1,湖南恭喜云南！！
1,每个地方都有好人和坏人，云南肯定也有坏人但好人终究比坏人多，懂云南人的人自然知道云南人的好，不懂的人就算云南人做再多事也讨不来那些人的喜欢，就像做人一样懂你的人自然懂你不懂你的人你做再多也会有难听的闲言碎语，好好做自己，好好做一个云南人，好好做一个中国人，相信整个中国都会好起来的
1,有些微博评论真让人心寒
1,云南的邻居广西也要加油了，人家都0了，你还增什么鬼
1,好高兴！！！加油啊云南！！！其他省份也要加油！！！希望我在的省也可以尽快达到这个目标！！！
1,心疼评论里还要一直为口罩事件后续处理做解释的网友键盘侠可管不了那么多他们只知道喷然后从一个市的错误上升到整个省上升到整个省的人民群众  他们从来不管事后我们云南如何承认错误及时补救
1,从重庆发来贺电，恭喜恭喜，希望保持下去
1,野生菌加油
1,云南捐了那么多物资，最优秀的医生也派去前线，全国第一个主动提出安置湖北人的省份，还在昆明空投一架从缅甸遣返的飞机，里面有119个武汉人，都没有上热搜，就大理自做主张截了口罩，而且已经归还，负责人也下马，还在被全国人民追着骂大理代表不了云南，我谢谢宁了
1,看到家乡为0真的很欣慰，大年初七我从曲靖到郑州支援河南省小汤山医院，如果家乡需要我也会义无反顾的回去，全国人民都在为这场疫战奋斗着，所以每个人都不希望对彼此有任何偏见，因为我们有着共同的目标战胜疫情！云南加油！武汉加油！中国加油！
1,云南挺住，全国挺住，加油加油，此战必胜
1,云南医护人员出征武汉没有报道，捐蔬菜捐水果捐三七没有人报道，好不容易有个消息关注一下，又有人揪着大理的是不放，普通的云南人也买不到口罩啊
1,算了云南人自己爱自己吧
1,云南每次在网络暴力面前都赢不了但每次都在默默付出着苹果蔬菜香蕉什么没有捐出去医护人员第二批出征！说云南的自己问下自己！你不了解她你凭什么说她！
1,真好，这几天的好消息越来越多了，希望以后都是好消息
1,大理口罩已归还，相关责任人已下台。大理拦截了重庆等地的口罩，你们委屈义愤填膺正常，但是请不要以此否认整个大理整个云南，大理人民医院也有派出医疗队援助。坏人哪里都有，但不能因为这么几个坏人就让其他人心凉。
1,云南加油
1,评论里拿着口罩的事喷整个云南的怕不是脑子有病，我们云南该支援的医疗队，该捐赠的医疗物资，该捐赠的蔬菜水果这些啥没捐，上纲上线的网络喷子你们做了些啥？？
1,希望全国都遍地飘零。
1,紫外线强不是吹的
1,整天抓着一点不发，BB赖赖，又能咋滴，大理政府截取的口罩都是发给房地产一线的保安人员用的不是大家所谓的房地产协会，剩余口罩该还的也都还了，道歉的道歉了，下台的下台了！大理政府和人民群众也在为滞留在大理的湖北群众和外国友人提供帮助，云南其他地方政府果蔬也积极送往武汉，咋不见你BB赖赖。
1,保持住
1,好消息
1,云南管得超级严，我家一个小地方都超级严，出去了就别回来，隔离也不行，别回来，不准回来，文件说的。
1,作为广东人我想说一句这次瘟疫对东北的报道真的太少了他们的贡献真的不少于哪个省请多一点关注谢谢
1,河南人民为黑龙江加油！
1,黑龙江一定要挺住，黑龙江人顶起来
1,能不能关注一下黑龙江，死亡率这么高，连热搜都不配上？我们人口少，派出得医护人员不比别人少，我们没有口罩，自己引进生产线，还要挨家的发酒精和口罩，已经积极的在控制了，却没人管？
1,黑龙江加油挺住一定会好起来的
1,哈尔滨一个市比好多省一个省的确诊人数都多
1,麻烦看看哈尔滨吧，128了，这数目真是可怕！治愈没多少，死了好几个
1,黑龙江治愈15例，死亡7例。哈尔滨一个市就128例。。。请求国家支援啊。。。天这么冷根本等不到夏天病毒失活啊
1,黑龙江加油！！！！
1,恳请疫情医疗指导小组进驻黑龙江，黑龙江疫情严重，死亡人数现在全国第二。希望得到重视和医疗技术支持。
1,黑龙江死亡率太高了……
1,看看黑龙江的死亡病例吧
1,黑龙江太严重了，医疗条件还这么落后
1,大鹤岗挺住
1,还有工厂今天要复工了
1,不知道该不该说知道个合肥的还......
1,天天都有死亡，麻烦关注下黑龙江
1,龙江加油   伊春挺住
1,关注一下黑龙江关注一下哈尔滨！！哈尔滨医疗水平没有一线城市发达！现在疫情人数一天比一天多赶超一线城市了！
1,希望快点好起来，别再增长了！！！！
1,黑龙江加油啊，必须挺
1,鸡西挺住！！加油！！！！我爱黑龙江！！！
1,建议取消老年卡优惠政策直到疫情结束一大早上车上全是老头老太太上班的好恐慌不敢坐车了快
1,黑龙江政府已经尽力去做好防控措施，我们小区已经封闭快一周了，学校更是要求每天两次家长汇报学生的位置和体温，各种教育，除了保障居民生活的相关行业，其他全部不允许营业，大家也都积极配合。坐标黑龙江佳木斯富锦市。危难时刻，全国人民精诚团结，希望早日能战胜新冠病毒！黑龙江加油！！！
1,做为定居杭州的黑龙江人每天看着上升的病例真的担心！愿政府严控，治疗跟上，百姓配合同心协力控制疫情，祈愿病者早日康复，疾疫消除
1,我想知道佳木斯确诊的都是市里的么？县里的有么？在哪里能查到佳木斯确诊的具体信息
1,希望多多关注黑龙江！关注哈尔滨！不要让人数再增长了！
1,黑龙江别再增加新确诊人数了，拜托拜托
1,加大关注啊！管控已经逐步到位了，封村到封城，至今还未解封。物资缺的不是一星半点，医疗设施弱
1,希望新增人数越来越少，大东北加油
1,黑龙江加油，挺住
1,愿平安
1,绥化咋还比之前少了？？？？
1,好消息不断，在坚持一下，马上就胜利了
1,快点刚起来吧，房租工人工资压的真的喘不过来气了，一直往后推开工日子
1,广东坚持
1,作为一个黑龙江人，我想说的是在南方封村的同时，咱们从重要疫区回来的人，还跟人聚会，因为这样的觉悟，才会造成感染人数不断上升，大家一定要控制住寄几，哎
1,黑龙江人最开始一点也想不到病毒会传过来甚至在一开始给其他省份的朋友买了口罩没有给自己买现在人数剧增有点无助只能希望身边的人平安黑龙江加油
1,每天都有离开的人啊
1,黑大哥加油啊，这可不是比赛，不能后来者居上啊，等今年去旅游呢(烩面留)
1,七例我的天
1,我的双鸭山啊
1,百步亭的事到底怎么办？？？
1,黑龙江加油，广东加油
1,稳住！
1,大龙江加油
1,我大黑龙江要加油啊，死亡率太高了，能不能多报道一下我们东三省
1,黑龙江真的是被母亲遗忘的“孩子”，国家扶持政策赶不上，经济发展大潮赶不上，老工业振兴也赶不上，我是一名大庆人，真不知道大庆油田还能开采多少年。这次疫情黑龙江倒是没落下，支援武汉黑龙江也没落下，请多关注这个不发达的甚至人均GDP拖了国家后腿的“孩子”吧
1,看看绥化吧哈尔滨还好一点我们绥化是真的连门都不敢出了死亡率太高了
1,河南人民祝黑龙江赶快0增长，河南也在努力
1,我们把最好的医护送了出去然而却没有人管我们～
1,黑龙江没有抗击sars的经验边陲贫困省医疗资源匮乏真的很难…唉…
1,黑龙江现在应该是过节期间聚会的结果，正是爆发期，熬吧这是自己不重视造成的恶果。大数据显示除夕前武汉返乡的人数，黑龙江并不比辽宁多，但是黑龙江春节期间全都是家庭聚餐的，而且都是十多人那种，没怎么重视，现在这波人开始爆发了。这都已经过正月十五了，都是本地感染的。
1,我们黑龙江不配上热搜吗，多给我们一点关注好吗，哈尔滨一个市就一百多例了，重症患者多死亡率高，连个热搜都上不了？
1,黑龙江再这么涨下去要进全国前十了！！！
1,或许这个流感在我们北方北发病只会归为一般流感。也会有死亡率。也会大面积传染，但也只是流感。因为这里落后！因为这里偏远！都说没有地域差异，可随着经济不断发展，这个差距会越来越大！终究这里会成为名副其实的空城！我们这里曾经是东方小巴黎，那古老的街道见证了新中国最开始的脚步！我爱我家！
1,我们黑龙江加油啊，希望大家都要健康
1,黑龙江的死亡率。。黑龙江撑住啊！！！！！！
1,希望多多关注下黑龙江
1,黑龙江年轻人基本都去外地打工，赶上过年都回来，哈尔滨是去向很多城市的转站地，所以哈尔滨确诊人数最多，再就是曾经的非典这边一例都没有，所以很多人对此次病毒掉以轻心，医疗水平也落后，才导致现在这个局面。
1,我的小破黑顶住啊死亡率也太高了
1,看看黑龙江吧
1,关注一下黑龙江吧
1,黑龙江哈尔滨下面县城虽然采取了封路措施小区也分单双号出行采购，但是口罩购买不到是个最大的问题，家里有家属在一线执勤，但是单位根本没有发口罩，几次都是到了执勤地点才给一个特别薄的口罩，谁能保证从家里到执勤地期间是安全的？家人买菜靠的是带棉布口罩，根本买不到正规一次性口罩！
1,黑龙江太难了公开的数据里300多确诊7例死亡位于东北这个数据真的不太好！！！
1,加油
1,1月22日的时候黑龙江省才报出牡丹江确诊一例输入人员，半个多月过去了，每天看着数据有增无减，真是太不可思议了。
1,黑龙江加油！黑龙江挺住！在那个城市死亡率什么的表上看到我大油城在第二位简直……
1,请尽快核实百步亭的情况。
1,别再增加了
1,可是湖北的新增越来越多
1,说说百步亭是怎么回事吧
1,复工了人多了，
1,好消息！降低之后，合力支援湖北！
1,自我隔离20天后无异常却被强制隔离，如今面临更大感染风险。请帮帮我，帮我顶起来。首页有详细事件个过程。谢谢
1,千万不要在新增数明显下降之际宣布拐点到来或即将到来，因为第一数据不一定准，第二哪怕是准确的，也不能急着当成绩宣扬，因为国内绝对有不少于10%的憨憨一听就会以为事情过去了开始扔口罩聚会吃喝打麻将....​​​
1,只希望在接下来一个星期的返工大潮中不要爆发就行新增数量一天天减少出院数量越来越多坐标广东汕头从过年到现在基本上都是空城快点好起来吧
1,百步亭社区的事请核实一下！！！
1,呵呵
1,降吧，理发店好早点开业，我快成艺术家了
1,不错，自从回了上海，在家封闭了6天。这6天连续下降是咱们老百姓共同努力的结果。问题是马上返工潮来了，我觉得很难持续下降了。挺得住就好
1,牺牲这么大，降是正常的
1,加油中国
1,其他地区控制住了就能全力支援湖北地区了
1,安徽增量
1,山东不配拥有姓名报一下数据吗？！
1,湖北以外，看着就难过
1,请大家再坚持坚持，继续隔离，继续宅家，尽最大努力阻断传播，保持良好势头，争取更大胜利。
1,闷死病毒继续在家吃吃喝喝
1,希望医院早日倒闭
1,北京的数字怎么不见报了
1,转发微博
1,中国加油！
1,太好了，每天都有好消息
1,加油
1,之前专家说如果把省外的控制住了就是走出第一步了，这证明第一步的措施做的很有效果，接下来就是全国保卫湖北的战役
1,好消息
1,回复的表态:
1,好消息！
1,但是湖北依然没有见着到顶的状态，还得继续加油啊！！
1,一切都会好起来的！一方有难八方支援，共渡难关！
1,会好的加油！
1,国泰民安！希望一直保持下去！
1,“整体可控”没错
1,不觉得蹊跷吗
1,希望能一直这么降下去  加油！
1,好消息
1,武汉加油
1,每天都是好消息！
1,好势头
1,太棒了，加油
1,希望过几天增长为0
1,挺住挺住我想开学
1,控制住，大家忍住啊，在家闷住！
1,愿疫情早日结束，英雄们平安归来！
1,加油
1,现在还不是高兴的时候，未来还有个14天！再接再厉
1,别放松，否则病毒会放纵
1,喜的是湖北以外降，  愁的是整体量和确诊疑似两增量又上升了！  整体形势仍然严峻！
1,百步亭，黑龙江，都是越来越多
1,请调查下，武汉部分社区每天只给一个确诊病例名额的传言，多了不给确诊，不给医疗。是假的麻烦辟谣，是真的就处理那帮那人命当儿戏的官员。
1,5天湖北以外新增等于0
1,所以都正常复工了看来省外已经到了拐点，湖北省内还是水深火热，希望能够想到更好的更快的办法
1,某些网友能别那么消极，片面吗，你去上一线？!
1,身在广州瑟瑟发抖
1,不管如何，这都是好消息
1,好消息！！
1,普天同庆
1,加油加油
1,关注下百步亭
1,人数变少就是好消息
1,加油同志们！
1,封城隔离的效果显现出来了，大家继续不聚会，少出门，为自己好，也为大家好！
1,每天还是有不少没住上院的求助信息，请人民日报关注
1,加油
1,//:降吧，理发店好早点开业，我快成艺术家了
1,不要放弃湖北人，不要只会说不会做
1,利好消息……
1,这也算是好消息
1,湖北以外地区新增病例连降六天
1,怎么解决民用口罩问题，淘宝不发货或者没货，药店完全买不到或者被征收了，又说要我们带口罩，又不给我们买口罩，相信很多人再过几天都是要上班的，到时候没口罩，怎么办？不知道你们怎么想的，唉帮忙顶上去⬆️
1,这次疫情，我们经济都崩了，如果那些官员依旧是免了再次异地就职，你们这样会让人心寒，愤怒的，他们能力这么差，不作为，为什么非得让他们担任官职呢？就是因为他们有后台，比如现在湖北省红十字会会长
1,如果是真的，请关注一下武汉百步亭。
1,关注一下百步亭，如果是假的就辟谣
1,如果说万事开头难那么请结尾一定要圆满
1,等到春暖花开，我们一起去看樱花烂漫。武汉加油！
1,看的泪目了，我们的国家何以至此啊！请千万记住此刻，同样的错误不要再犯！就因为某些人，我们付出的代价太大了！
1,视频字幕有误，成都的那篇幅写的是广西确认386例。
1,感谢那些疫情里的逆行者，我们的英雄！我们会和你们一起加油
1,众志成城万众一心中国加油武汉加油！
1,感谢那些维持着社会秩序的人
1,希望一觉醒来，疫情结束春暖花开，崭新的生活开始了
1,成都为啥写的是广西确诊啊
1,视频第51秒处，成都下面写的广西……成都是四川的好吧……
1,武汉，如果每天朋友圈上的救命信息没有了，增长人数降到两位数，才可能一起期待春暖花开，蒋省长的应收尽收只能算是政治作秀吧
1,我们一直在！一起等待春暖花开中国加油
1,成都下面为什么是广西..不应该是四川吗可能是我逻辑问题?
1,说个题外话。广州的画面震惊我了，广州可太好看了吧！美剧上现代大都市的感觉！
1,好继重庆女司机后又一个成功把老公拉下马的觉悟贤妻
1,院长？医院院长？说是路人我都不信怎么当上的院长
1,张局长怎么解决的这事？
1,迷惑行为，竟然还是医院副院长？？？
1,反正就是想要展示自己的特权呗，想要特殊呗～
1,为什么总感觉那女的有隐情，大家看过搜索吗？疫情严重，新闻媒体要对新闻真实性负责，老百姓也不能被新闻牵着鼻子走，要有更多的主观能动性
1,我没看错吧？医院院长？咋想的？啥素质？
1,张姓局长？
1,希望免职！这样素质的人别祸害别人！不配是副院长！
1,自作孽不可活
1,平时她从来不戴套，都是张局长戴，所以叫张局长评评理
1,我的天啊，比咋天一样2000＋
1,不要再增了快好起来吧
1,别着急害怕，湖北要求两天内检测完所有疑似病例，所以这两天确诊量大正常！
1,又是一个沉重的数字求求不要增长那么快，武汉加油
1,真的好绝望作为武汉人我每天都会收到至少3条帮忙转发没有床位的消息每天活在惶恐里身边同学的父母甚至好朋友都有被感染但是没有床位真的太难受了生离死别真的太难了  我只求求老天我的家人我爱的人能劫后余生拜托了
1,百步亭百步亭百步亭百步亭百步亭百步亭百步亭百步亭百步亭百步亭百步亭百步亭百步亭百步亭百步亭百步亭百步亭百步亭百步亭百步亭
1,襄阳昨天确诊人数是988，加上今天的57，不是1045吗，怎么是1019呢？这什么时候情况？求解！！！
1,啊每天都有这么多人确诊什么时候才可以好起来啊
1,又增加这么多，那个说两天内检查完所有疑似病例的领导出来走两步
1,抗击肺炎，初见成效。人民，有一座丰碑。
1,望武汉安好
1,希望一切都快点好起来
1,湖北全省新增确诊病例数比前一日增加471例，其中仅武汉市就比前一日增加542例，武汉市以外地区比前一日反而减少71例。估计与武汉市加大筛查剩余疑似病例力度有关。
1,出院的也在增多了加油
1,希望不要再增加了，快点好起来吧
1,快点好起来加油！
1,百步亭。做错事情跟人民说句对不起我们做错了就那么难吗？时至今日居然还在隐瞒，你们真的烂到了芯芯里面！
1,请关注百步亭大爆发
1,己亥末，庚子春。荆楚大疫，染者数万计，众惶恐。皆因人为满口腹之欲，枉杀万物生灵所致。足不出，举国防。南山先生率白衣军众数万，扛鼎逆行为之勇战矣，九州一心，能者皆竭力。月余，疫尽去。愿世人以此为戒，心存敬畏守规而为。末，华灯初上，万国赞，此为大幸！
1,虽然你们可能不信通宵了一夜。
1,加油
1,新增的又上升了，孝感、黄冈、随州、荆州、襄阳都已经破千
1,照顾好自己也多关心这个世界！！！
1,百步痛的同胞都在网络上直接求救了，几万人在市长的力挺下在疫情传播的关键时刻聚餐，就是埋下祸根，为了政绩眼里还有人命嘛，公权开始只为政绩说话了？武汉同胞的求救全国人民都很痛心的，舆论审查的能力哪里去了？难道只去抹杀反对的声音，无视求救的声音嘛
1,昨天襄阳988，新增57，今天襄阳1019，是我数学没学好吗？?？？
1,希望一切都快点好起来早安武汉加油！中国
1,一天两千多我估计是一天只能有那个时间和能力去确诊两千三千多个人吧不然肯定会更多的好多人连医院都去不了呀
1,不懂就问，死亡率应该是跟治愈率比才得出来的吧，因为他们是同一批的，14天，不治愈就死
1,襄阳也破千了…唉
1,武汉又这么多了！
1,还吃野味吗？
1,学生宿舍被抄了？
1,国家应动用一切资源，疫情发生从武汉出来人员名单，发放省市，追根摸排，
1,疑似减少了很多，加油
1,武汉撑住湖北加油希望快点好起来
1,降了降了
1,还有那么多人得不到救治实在是心痛崩溃
1,比昨天还多
1,快点好起来！加油！等疫情过去，赶快见见男票！本身就是异地恋，假期想着多见几次结果又活生生过成了异地恋……还要和老妈一起逛街！不过今年终于能在家过元宵节也是件很开心的事情
1,疑似比昨天少了5000！
1,看看武汉软件工程学院
1,要好好的！
1,拜托关注武汉百步亭社区，不要让某些人带节奏。如果是真的拜托尽快解决，不要给社会稳定留下隐患。
1,拐点我拐你妈呢
1,一个口误，一个造谣，真TM讽刺
1,湖北的新闻发布会，真的是各种翻车现场
1,有点看不懂了，一会是SARS，一会又不是
1,牛逼王炸组合！
1,疫情早点公示！！及时控制！！还需要这几个医院汇合吗！！！还会牺牲那么多人民吗？？？？？
1,南湘雅给我平安回来
1,非典以来的17年，我们国家培养的医学权威太少了，还在依靠钟院士挑大梁
1,“山上有只东北虎，看到的人下山说山上有只华南虎，结果被捉了，说人家造谣，山上根本没老虎。后来很多人在山上被咬死了，又说那几个造谣的没说准是东北虎还是华南虎，仍然算造谣。”​​​
1,同舟共济，武汉加油，中国加油！
1,湖南湘雅把家底都拿出来了
1,不要这样说显得官媒特别没水平那么多医院那么多医生不配拥有姓名吗搞什么！
1,四川华西冲鸭！
1,害当时我就觉得SARS和NCP难道不是两种不同的病毒啥时候NCP属于它了……我还特意百度根本没提到SARS是一个大类还包括了其它病毒的果然……？？？
1,那钟老和李兰娟院士应该就是“狂炸”
1,加油加油加油加油加油加油加油加油加油加油加油加油加油加油加油加油
1,加油！
1,四川支援也就给成都支援差不多了，好好保护我方华西小哥哥小姐姐，平时没到要死人的病，都不舍得去华西占用资源的，都是心颠颠上的宝哦！
1,四川华西加油！武汉加油！
1,大华西人是经历了地震考验的精兵强将
1,“王炸”医院组合都是由美国帮助建立，不管出于何种原因建立，都要感谢国际友人的帮助。帮助我们的不止是白求恩一个。
1,真希望一觉醒后铺天盖地的好消息。武汉加油，四川的天使们一定凯旋归来！
1,研制不出来药派谁去都没用
1,上海华山表示不服！至少也是东华山，中齐鲁吧！
1,这个北和西是真的强，东和南还是多年前的叫法或者说历史上的叫法。现在东边上海几个医院都流批，南边中山也稳稳
1,你们是最棒的
1,最搞笑市长市长曾说武汉有1200万人回去老家500万人应该在武汉还有700万人，这个书记现在公布了武汉市调查人口有1000多万……这个300万是刚刚一个月造人造出来的………[天啊][捂脸][尴尬]
1,一方有难，八方支援！
1,祝平安，祝凯旋
1,全国各省派出去那么多医护人员和部队的医护人员，哪个不是“王炸”？
1,武汉加油！中国加油！等你们凯旋归来
1,万众一心抗击疫情！加油
1,我们辽宁连家底都掏出去了，咋就连个报道都没有？？？
1,致敬一线的医护工作者们，愿你们平安归来
1,王炸来了，我们心安了，春暖花开的日子马上就要到了。
1,保护好自己，等你们平安归来。一起加油！
1,希望能帮助到更多有需要的人，加油！
1,等你们凯旋归来❤一线工作人员一定要照顾好自己啊❤
1,是我其他医院的人不配拥有姓名吗
1,加油
1,请关注下2月9日返程高峰山东济南火车站的情况吧，不想成为第二个武汉
1,武汉加油！中国加油
1,同舟共济！加油中国！
1,加油，期待
1,加油！中国加油！疫情快点结束吧！
1,湖北省武汉市洪山区左岭新城武汉市鄂州交界处左岭新城社区2月9号确诊96例，每天几乎成倍增加确诊人数疑似人数更是以多例来计算不敢提供明确数字，然而每个小区并没有封锁，楼栋也没有消毒，居民粮食无统一供应，依然每天跑超市抢菜，超市人满为患摩肩接踵，麻烦官方重视左岭人民危在旦夕！！！
1,我们辽宁一千三百多人的医疗队不配有姓名吗？连提一句都不愿意？太让人寒心了吧
1,哈哈哈，王炸组合，
1,说实话湖北人臭名远扬。
1,武汉百步亭！！万人宴强制要求参加，病人多了不敢管了？靠每个社区一天1-2个人的核算检测什么时候能检查完？这个小区大部分都是老年人，再不管也不用管了周围都送菜就他们小区不送，没菜吃不就只能出门买菜？一批一批的感染比谁都快！
1,湘雅加油！武汉必胜！
1,还有武汉本地的中同济！
1,黑夜总会过去，太阳终将升起，期待明天
1,同舟共济，等你们奏响凯歌平安归来
1,zf官媒公信力被放在地上碾压
1,等你们凯旋归来
1,武汉加油，中国加油，早日康复
1,辽宁真的不配拥有姓名嘛？
1,辽宁手里所有大牌都打光了你不说一下吗？
1,辽宁也去了一千多人，直接去了雷神山，希望能平安归来。东北本来顶尖人才也不多，这次去的都是最优秀的医护人员。
1,清长庚呢
1,看来很多所谓的什么专家都是一些金玉其外败絮其中的草包而已，希望这次疫情过后国家及时出手，整顿各个行业中的知识水平不够，不从国家人民利益的角度考虑问题的无德草包专家，尤其是人命关天的医疗界，还中国科技领域一块净土，把那些无德无才的绊脚石专家通通搬掉！
1,加油武汉
1,期待所有守护者早日平安归来！希望疫情早日结束！致敬英雄！
1,怀疑湖北发布会在造谣，看的人那么多，影响极大。然而最后官方解释口误，服气。
1,我们中国医科大学出了1000多人怎么不表扬
1,你们失去的是生命，可他们丢的是工作啊！
1,这在战时，如果是军队里，肯定上军事法庭了！即便不是军队里，也要罪加一等！近些年武汉抢人，各种利好，但一场瘟疫完全暴露了管理者的无能，外地人谁还会留在武汉呢？！
1,换我上吧，我愿立军令状。别扯什么问责没用的
1,让那些裸泳的官猿早点滚蛋
1,湖北怎么变这样，以后怎么去面对父老乡亲啊
1,太平人间的时候武汉的官员饱欲私囊，灾难的时候为官不仁，这是什么政府！武汉的老百姓太苦了！
1,对日报公布的消息很失望，说不出重点，也回答不清楚问题，更解决不了我们普通民众的口罩需求，总是挑好听的漂亮话说。现在不复工生活继续不下去，复工又没有防护必需品，我们也很难啊。
1,人民日报够下流的，现在没人信你了
1,你们中央还能不能指挥的动地方政府了…
1,何时才能结束你的表演？
1,中国官场缩影而已
1,人民日报要姓人民就会发舔共拍马屁的潮水退了才知道那么多人民的公仆都没穿裤衩害臊不
1,那些死在隔离点的，那些死在家里的，真让人悲伤无奈呢
1,请严查
1,请关注一下武汉14号复工吧
1,中央政府在举全国之力抗疫情，全国各地医疗机构纷纷响应国务院、国家卫健委号召，舍小家为大家奋战在一线疫区，各地人民、全球华人，组织，企业，国际机构、组织，巴基斯坦、俄罗斯……纷纷捐款、捐物，而当地政府职能部门在干什么，你们的共产主义信仰呢？
1,初中作文？
1,跳楼的那个爷爷，社区直接关门，也问一下为什么社区关门吧！
1,在什么位置就要付起什么样的责任
1,不要总是喊口号，就去一个普通小区，去三户人家，看看我们的真实情况！看看小区落实的情况！
1,就丢个人，挨个骂，红红脸，出出汗，自罚三杯，下不为例，能来点实际的吗？
1,f4什么时候下台
1,这就是给全国各地方领导的一道考题，天天喊口号，为人民服务的真正意义。合格就留用，不合格就换人
1,唉……希望疫情过去之后，中央可以对湖北省政府武汉市政府系统进行全面清理！！！脱胎换骨搞一次吧
1,给家乡点赞[米奇比心]
1,加油(ง•̀_•́)ง武汉！
1,祝武汉平安❤
1,真的吗？我不信
1,网课折磨老师也折磨学生。。
1,不要骂老师了，都是上面要求，老师也不想
1,你太高估学生的自觉性了……
1,眼睛要瞎了
1,一家三口，我高中生，爸妈教师，家里跟tm主播合租房一样
1,可现实中每天都要打很多ka
1,口号喊得明明白白私下做的也是清清楚楚
1,河南还不打算延迟开学吗破千了都我宁愿上网课也不想去学校送死
1,现在的“停课不停学”口号喊的超级响，但是对小学生来说上网课没多大意义，而且对眼睛不好。
1,真的，作为老师都快要被逼疯了
1,那你告诉我体育课也要直播的目的是什么
1,老师发文件要求打印，这个节点哪个打印店还开门？自己想办法，网上教学为的就是不出门，结果现在必须每天出去
1,您以为老师想让学生打卡吗？拜托，老师也有任务也不想阿！每天给二百多学生批改，累瞎了
1,落实了么，说的像放屁一样，放完了就没了，我们还是每天6点钟必须起来打卡，不打卡就家长群里通报我们然后被家长骂
1,钉钉，腾讯会议，会易通。谢谢你们
1,不打卡老师会扣学分
1,我想说:效率不是很高。老师很辛苦，学生每天长时间盯着电脑和手机也不容易。
1,哈哈哈我小姨每天早上五点半起床叫他上高中的儿子打卡然后让他睡觉我小姨再把步数弄到五千…
1,真的吗？
1,然后压缩周末和暑假
1,从早上八点忙到现在，备课、教研、线上会议、写计划……放过孩子和家长（也放过老师）吧！
1,快热搜吧，停止网上补课，根本没用
1,我已经瞎了
1,自从说了停课不停学，我的工作日变成了天天，工作时长变成了24小时随时在线，还要保留各种截屏
1,老师被逼录课，学生却能自愿选择听课？开学是接着往后上，还是重新上？满屏都是对教育部门政策的歌颂，累死一线教师。最终，形式主义，一场闹剧罢了。
1,真的，每天干啥事都要看手机，我真的要看吐了。眼要瞎了，颈椎病也要犯了
1,上完课之后群里就不停的闪，全是孩子的提交作业或者疑问，要么就是学校的消息。完全把生活搅乱套了。
1,那个！武汉复工时间可以关注一下吗？？真的要14号去上班吗！！现在都有这个tag了
1,网络作业真的极度为难。。布置的作业质量不高，都是一些抄写，让我高三的真的很无奈，而且你一旦迟交，老师和课代表就在群里疯狂艾特。说实话，现在也就一百多天了，想学的无论在哪里都会学，不想学的你怎么逼他都没用，硬性要求每一位同学这是教育的失败，是对学生的不负责任
1,我们现在就是早中晚都要打卡呢
1,甚至导员还给我充了流量包。。。
1,不要混淆培训机构的网课和公办学校的网课，培训机构的老师可以一对几的辅导，注重效率和提高，公办学校的老师一个对一百二百个学生，注重教育公平，就目前实际来看，一刀切的网课，学生家长老师都鸡飞狗跳了
1,那你取消考试也行了
1,我真的好多作业
1,俺们家一个老师一个学生没错老师是我学生是我弟我妈成天抱怨我弟的老师咋咋咋  求我内心阴影面积
1,天天打卡七种
1,太操心了，学生有N种方法打卡方法
1,小学阶段都可以不必上网课！总是盯着手机对学龄儿童视力伤害最大！每日打卡还加重孩子心理负担！
1,那你倒是管管。
1,我想知道学校私自逼迫老师开网课的可以举报么
1,既然是不想增加负担，那为啥不干脆硬性规定只有要升学考试的那届学生上课，其他都不上呢！尤其是小学低年级！玩两个月会死吗！真是的！  大人要上班，孩子还要上网课，还要抵御疫情，也怕折磨死中年人呢真是！
1,眼睛真的受不了了
1,抗击疫情第一重要！
1,关注一下河南开学
1,在家考试家长监考  家长改卷还要拍照上传  这家校合作搞得......
1,每天7:30打卡…
1,虽然知道要求也没用，但我还是弱弱的说一句，停止网课吧！我也就敢在微博里牛逼一下了！
1,幼儿园中班，天天在做作业打卡的飘过
1,那就不要考试啊真以为所有家长都那么负责吗天天上赶着催一天有的家长都不吊你
1,虽然学生很难，但是老师也真的不容易啊比平时上班还累靠学生自觉。。太高估孩子们了  开学都变小白
1,我漏打一节我妈手机就得收短信你觉得我会信
1,落下的课程可没人给你们补！
1,我儿子天天7点半就被喊起来打卡，不打卡会被老师在群里说。还要要求家长每天跟读跟学，虽然这种方式是为了孩子好，但是孩子心里觉得很不舒服。因为是在家里可能有些惰性，只是希望别这么严厉，只要孩子学了，作业做了，用的着一直打卡按正规上学走。一个小学二年级我真的醉了
1,低年级打不打卡是我们家长的事，你们该做的一是确保数据传输稳定，命令电信移动联通对教育免流量；二是令各地组织最好的师资力量。三是开发真正寓教于乐的手游，动画，比如爱国主义教育可以找“那年那兔那些事“的作者来搞，人家独立创作的前3季是真让人感动，我2岁的儿子特爱看！！
1,做为老师，觉得自己活得没有丝毫老师的尊严。家长不想配合，领导觉得做得不够。可是我真的已经全力以赴了
1,讨厌中国式教育，不要一味的只考虑分分分好吗？连续盯电脑三个小时听课  学生视力您考虑了吗？效率您考虑了吗？只会打时间战，最后把学生的兴趣都消磨光，最后只能是屁都不会的傻子，把这段话麻烦教育局发给我们校长。
1,地方上只是在表演，弄得很鸡肋，家长苦不堪言
1,说年轻老师还好些的！年轻老师在这里！不仅要统计班里各项打卡任务，还要准备自己的直播课，还要帮助领导制作各种统计表格，还要负责远程指导老教师使用软件各种功能，还要随时并及时解决家长的各种问题，还要被家里人喊“一天坐电脑前不动弹，起来溜达溜达！”
1,学生不打卡老师会找学生的事的
1,能不能管管呀，别整天云批评！落实在每一个地方教育局！根本就没有来询问过一线老师！本来看疫情就要崩溃了！现在更崩溃了！精神压力更大了！！！
1,太形式化了，老师被累死，家长被气死，学生还学不到东西！
1,打卡也无所谓，问题是要打得卡太多了。。。我一天都在打卡，每科作业拍照发照片录视频传视频，比孩子上课还累
1,把我累死算了课都录了八遍了一会一个要求我还是个幼儿园老师小学初中高中的老师估计已经疯了。
1,我觉得大学生也有必要提一下...
1,老师也快疯了
1,适当缩短暑假时间来补回这段时间的课程或许是比网课更好的办法，对于很多在乡下的留守儿童要上网课并不是一件很容易的事情，不能只考虑城里的孩子而忽视了那一部分人。
1,能不能直接叫停？这样到底算休假还是上班啊
1,请你们看看网课时间表，孩子视力不要了吗？一天七节课。一天到晚看着手机！在家享受亲子阅读，娱乐，生活时间不好吗！而且，开学又得炒冷饭，浪费老师学生和家长的精力和时间。请教育部门三思。
1,可你倒是下达命令给各地教育部啊
1,求帮帮这位姐妹！！！我外公87岁了前几天在家里咳嗽不舒服后来发了四天烧自己退烧了但是还是不舒服没有胃口  去了武汉市中医医院汉阳院区看病别人不敢收他岁数大了就打了营养针回去了这几天好点但是今天在床上动都动不了也不吃东西打了几次120别人只是负责把你送到医院去
1,说真的，这次中药真的长脸了，加油！
1,不管中药西药能治病的就是好药
1,中医黑和公知慕洋犬这些群体是高度重合的，居心叵测，必须引起警惕
1,嘻嘻我又来看评论里中医黑发疯了，一群不学医的键盘侠拼命否定临床的成效，到底是想笑死谁呢
1,中药确实是心理治疗不可或缺的一环
1,个个黑中药，你们都是被骗大的吗，江湖骗子太多了
1,黑中医的出来受喷。
1,月经不调西药根本治不好，只有中药调理
1,评论中有些脑残中医黑，无论你对中医有多大偏见，但是现在这个时候了，不管中医还是西医，能救人不就是好的吗？现实是这次中医确实对治疗患者有很大的帮助，中医确实治好了一些患者，这是毋庸置疑的。有些人就是愿意当睁眼瞎。
1,中医治疗效果这么好，为啥没有专家说话呢？你们良心不痛嘛？市场经济难道非要以钱财为主，治病救人呢？？？
1,评论里在座的各位中医黑，个个都是人才，说话又好听。我不是针对某个人，我是说在座的各位全都满腹经纶学富五车才高八斗，个个比钟南山博学且权威，比国家卫计委比医管局比药监委还有要能耐，比各大临床医生还要经验丰富，当键盘侠当共济会走狗太屈才了，国家应该重用才对。
1,那个！！武汉复工时间可以关注一下吗？？真的要14号去上班吗！！现在都有这个tag了
1,我觉得中医真的很不错，我前年因为月经不调，听西医的打了一针黄体酮，然后姨妈再没来，吓得我赶紧去郑州看中医找最好的大夫，当时内膜薄的剩下1.9，还有多囊卵巢综合征，真的对于一个未婚女孩来说哭死的心都有了，坚持喝了一年多的中药调理，我现在自然受孕了；我真的很感谢中医！我相信我们中国文化
1,双黄连是有用的。我们广西梧州五例新冠患者全部治愈，治愈率百分之百。用的就是中医，医生把方子公布了，主要的成分和双黄连成分一样的。
1,我真的觉得在疫情发生的时候不要忽视了中医的作用！可以在疫情一开始的时候就多方面试一试西医中医中西结合
1,我之前寻麻疹也是一直不能根治每天晚上打针睡觉，吃中药才发作不那么频繁
1,感谢一线医护人员、政府机关人员、军警科研人员、媒体工作人员、快递外卖小哥、环保环卫工人、社区和村口等防疫人员，你们辛苦了！你们拼命守护着每座城市辛苦了！目前最想看到一条新闻新型冠状病毒成功得到控制，再无人员感染，保护好自己和家人，我们众志成城万众一心攻克疫情！中国加油！
1,终于看到个热搜了，老铁们顶上去，让更多的人认识中医的力量
1,广西梧州的中西医结合方案，治愈率100%，为啥还黑中医？
1,中药更在于防，治未病，西药更在于攻。
1,这次疫情，辛亏中药来救场，看看这几天死去的那些有名有姓的医生、专家、志愿者，他们都是英雄，但你有没有注意到，他们都是在西医综合医院医治故去的，那些黑中医的人，要么是别有用心，要么是无知且蠢，做人不能睁着眼睛说瞎话。
1,中药？阴阳五行，色补相补音补等各种食补药补，材料来自野生动植物，野生动物感染病毒，病毒侵害人体，疫情爆发。
1,害搁这吹中医呢？殊不知中医信徒，养身爱好者，吃野味的，这三种人其实有很大的重合？
1,我们这确诊的那个吃的就是中药出院了
1,加油啊会好的
1,说gun这个字我都说累了，我实在不想在这里看这些官员隔这儿演戏，闹剧有啥好看的，毕竟最后都成了悲剧...
1,武汉现在还有好多家庭在救助很多都是双亲感染，孩子还很小，希望能够真的帮助到他们，让他们进医院治疗，而不是嘴上说的好听而已！！！
1,中医这么nb，为什么不废除西医
1,你们去查查各国领导人看病是看中医还是西医不就行了吗……中医好不好，他们会告诉你们答案的
1,中医黑大头丁香医生得气得咬牙切齿
1,中医是一门很高深的学科！现在真正懂的人少，关键是很多中医的知识都失传了！
1,希望这条新闻不会被那些“老中医”“利用，毕竟得了这病的人很多都处在焦虑不安的状态。讲真，中药爱好者，野味爱好者和保健品受害人有很高的重合性。这场瘟疫给人们敲醒了警钟，野生的就更天然？野生的就更有营养？理性消费，不要被“保健品骗子老中医”洗脑
1,公知和中医黑怎么说
1,我学西医，也认同中医，万事不可极端。
1,中西医结合疗效好
1,以前觉得中医厉害。。看到评论说西医拔牙肿流血什么的。。说小时候抹了点东西牙就掉了一点不疼后来学了才知道，抹的是三氧化二砷，哈哈可不是呢
1,身为中国人，国家的瑰宝你可以不承认，不弘扬，可那些中医黑们能不能别黑中医了？生怕外国人不知道你是如何诋毁自己国家的瑰宝吗？
1,幸亏没有中医黑出来骂街，什么医疗手段都各有利弊，前提你遇到的是真的医生真有本事而不是打着幌子招摇撞骗的
1,心理更难治，尤其是子欲养而亲不在，这种最痛心了。
1,听说李现好了
1,求求帮帮我朋友吧！老人家从2.6号开始胸闷乏力，食欲下降，出现嗜睡发热的症状，起初体温37.4，就在家密切观察，也同时服用抗病毒药物莲花清瘟胶囊，2.7奶奶开始四肢酸痛，不想吃饭体温也逐渐升高，2.8去市三医院做ct，诊断为双肺散在斑状感染，肺尖可见纤维灶，医生说十有八九都是的。2.10号确诊了
1,大道至简，殊途同归
1,多少个赞，明天就新增多少出院康复患者，武汉加油，中国加油
1,中医治病成本很低、很有效果，这让国际医疗资本很恼火，中医治病是断了它们的钱路，当然要极力地黑中医。实际上，中医从治疗非典、到今天治疗新冠肺炎效果都是明显的。
1,奇奇怪怪的药名，各种药方组合在一起，就把病治好了，真的很神奇，我现在基本上都是中药，很少吃西药了(肠胃受不了)
1,中医在很多疾病上都有很好的疗效，老祖宗留下来的东西需要更多的人发扬光大。
1,那美奴说的西药神药呢
1,确诊重症，我爷爷从轻症拖到下了一次病危通知书至今还在武汉科技大学天佑城医院急诊科，靠我爸每天挂号。康康我
1,也给大家说个好消息！我的家乡小梧州确诊五例，五例全治愈啦！！其他的也一定能战胜病毒的
1,所以湖北和武汉政府做得到吗？康康肺炎求助超话
1,我小姨叔叔等了五天床位了，叔叔现在在医院留观室，架着呼吸机等床位，还是木有床位求求别喊口号了，做点事吧
1,我是武汉的我妈妈CT结果已经显示双肺感染但是核酸检测结果是阴性所以只能在隔离点隔离但是隔离点不能打针也没有治疗设备只能拖着武汉还有太多太多这样的人了我妈妈之前还做过手术身体本来就不好人民日报的求助渠道我已经填过也没有下文
1,弱弱问一句口罩数出来了吗？
1,我妹妹CT确诊核酸检测阳性，今天下午通知到方舱医院，四点出发折腾到现在被退回，国博那里的方舱医院告诉患者他们是隔离点，不收发烧和有基础病的患者，妹妹本身就是从隔离点去的，你那不是叫方舱医院吗？不是确诊的轻症患者可以进行救治吗？折腾这几个小时水没喝饭没吃，又高烧38.5°啦。谁能救救她？
1,你好，我舅姥爷，65岁肖双宝，双肺已成玻璃状，发烧已一个星期，咳嗽严重，呼吸困难，目前还未住院。只是隔离酒店，酒店只有一名医生一名护士，无治疗，无药，无呼吸机。
1,也请让工作人员不要过度劳累了……懂得这几个字的分量，请合理安排所有工作人员的时间，不要过劳牺牲
1,奶奶还在家里，确诊了都没有床位收治，社区电话市民热线通通打了个遍，没有回应，还要等到什么时候阿！！
1,宁可床等人，不能让人等床！
1,新闻报道和现实生活真的像是两个世界
1,口号喊得好要落实才行
1,真的要提高效率增设床位这真的有点躺不下了
1,这几天的风向变了，天天喊口号
1,宅家里有什么辛苦的点不了外卖才难受
1,相关报道称，有老人家给防疫捐款，高风亮节，但他们可能也不算宽裕，不知道是接受了他们的捐款还是退还了。​​​
1,黑夜总会过去，我们一起等待春暖花开
1,致敬感谢每一位守护者感谢有你们辛苦了！
1,我在家也是为国家做贡献，我们值得！！
1,致敬一线工作者
1,不辛苦，辛苦的是奔赴前线的医务人员！
1,不辛苦，第一线的人才辛苦无能力帮忙很惭愧喔
1,谢谢每个平凡又不普通的中国人！
1,宅女头一次觉得这么光荣光是窝在家里就是做贡献。。。
1,没想到有一天人民日报也会表扬我
1,等春暖花开想去武汉看樱花
1,中国必胜！武汉必胜！
1,20天没出过门了，期待开学
1,平凡人，平凡世界
1,祝愿大家平安
1,应该的应该的（谦虚
1,致敬！每一个工作在前线的人，感谢
1,呜呜呜呜我想吃麻辣烫麻辣香锅小龙虾海底捞
1,谢谢，中国加油
1,感谢每一个你
1,欢迎收看今天的新闻联播节目
1,致敬！致谢！
1,谢谢
1,宅在家里做贡献！
1,在疫情拐点尚不明确的时候，学校要求外地教师返回隔离14天，本来在家没事，回去过程中万一被感染了怎么办?而且真的感染了，不一定14天才表现出来，开学感染学生怎么办?
1,不辛苦，为了国家，让我憋一辈子也行
1,必胜
1,嗯嗯，感谢我自己！也惊叹国人的自律，今年过年大家都在家里过了一个最宅的年
1,我超级宅！不憋！
1,这可能是我单身时间最长的一个月了。
1,好久没出过门了
1,李文亮的调查结果呢？我没忘我还记得这回事
1,日常来康康
1,我的简历可以写上“收到过人民日报的点名致谢”
1,我也想在家减少人员流动奈何单位复工
1,中国加油
1,大家幸苦了
1,我已经宅了二十天了
1,疯了也不会出门
1,非常时期非常任务，宅出境界宅出高度，我们是最棒最可爱的人！
1,不辛苦就是喝不了奶茶一线医护人员加油
1,我还可以在家待着！！
1,不辛苦，我可以一直宅下去
1,只要不扣工资，我可以继续憋
1,致敬一線工作者！
1,“世界因为有你在痛里有感动”向每一位平凡天使致敬
1,从放假就没出过门
1,以前说我是宅男的你，还好吗？
1,我已经快抑郁了
1,有需要的时候，我们都是五洋的鳖！别来捉我们就好了
1,本来憋不住了出去帮家里买了一次菜，大家都不好好按照1米的距离排队结账真的怕死我了，回家之后再也不想出门了！
1,我发现我原来这么能憋
1,你还会发
1,武汉加油
1,宅在家里不辛苦辛苦的是在前线抗战病毒的所有工作者们谢谢你们一定要平平安安的
1,不辛苦不辛苦
1,解禁必须火锅店
1,不客气！应该的！可安逸了
1,不客气为了人民和祖国我不辛苦
1,谢谢大家，谢谢为了疫情努力的所有人
1,不辛苦！！加油！
1,我还能坐月子
1,必胜
1,在家上网课，挺好的，就是有点儿卡
1,谢谢每个平凡又不普通的中国人！
1,我能怎么办
1,打好阻击战，打好这一场人民战“疫”，我们一定要树立信心，一定会胜利。”中国必胜
1,我们不辛苦辛苦的是一线医护人员防护品什么时候能补足不缺啊担心死了
1,【人民微评失职失责，必被问责】诘问一针见血，批评不留情面，这场约谈广受好评。战“疫”当前，失职失责，必被问责。坚守一线，更要责任在线；战鼓声声急，尤需自奋蹄。直视民众焦灼而期盼的目光，集中精力、心无旁骛把每一项工作、每一个环节都做到位，才能不辱使命，不负重托。
1,应该约f4/
1,该约谈的是书记市长吧
1,内疚，痛心，自责
1,好好谈谈，别只会痛心行不？
1,为什么每次都是约谈副官？？
1,脸色通红谢谢有被笑到
1,2020年的热词，脸色通红
1,前面一大段写得太过于像抒情文了，别整天整这些乱七八糟的了成吗，实事求是地报道新闻可以吗，这么严肃的事情不是应该不带任何感情色彩地记录吗
1,中央赶紧约谈，漏洞太多
1,做点实事吧，没空看表演
1,有个疑问？为什么每次约谈或者处分大多都是副职，我看到。
1,内疚，痛心，自责，脸红
1,这个文稿写作水平有待提高，小学生流水账吗？
1,呵呵，街道社区干部道歉有什么用，他们只是最基层随时待命的人，武汉市政府甚至湖北政府不应该出面道歉吗，什么时候脸面比人命还重了呢？！！
1,疫情这个巴掌把国人都打醒了。见识到了，人民真的到了生死关头，政府能为人民做些什么？
1,前面说把基层当三头六臂，这边就约谈说社区工作不到位？天天管着小区封门，又要挨家挨户摸排有无外地人，又要上门观测隔离者体温，又要给各个守点的市区领导送这送那，现在如果有确诊又让我们去跟车？领导们就办公室坐坐指挥？
1,这个时候还不拿人民当回事，疫情结束后，撤职查办得了。非常时期，非常之法典。
1,要是没有媒体报道出来，那不是没事了？肺炎患者留救助超话里的贴子，估计他们都不知道
1,换套ld班子很难么？！
1,“我病了”“我没给你确诊，你就没病”——武汉ZF
1,哪位大神科普一下约谈是几个意思
1,一切听国家的。
1,省长呢还有红十字
1,严惩！！！
1,党员干部为啥要跟车？作秀需要还是技术需要？门外汉跟车除了添乱还能干啥？？？猪一样的脑子！！！脑门一热就要斗争扩大化了。
1,这个事情并不是偶然，在过去的两个月的时间里面，以至于过去两年里，以至于过去相当长时间里，武汉一些干部的不作为，不负责，或者说湖北的一些干部，才导致了今天局面的失控，都到了全国上下支援武汉的局面，试问武汉的一些当官的，你们良心何安？你们不扪心自问吗？你们不怕留在武汉的耻辱柱上吗？
1,来给他们比个耶✌
1,这是写小说呢么
1,能者居之。
1,Hbzf从上到下，用词频率最高的大概也就痛心自责了
1,迷幻的湖北，迷幻的武汉。
1,这速度，
1,现在工作量最大最难的应该是社区工作人员了吧，每个人都要他们跟车转院，且不说会不会被传染，人手也不一定够啊？转院路上让一名家属随车照顾不行吗？什么都要工作人员全包，社区工作人员真是全能了？
1,小脸一红⚠️
1,这样组织、协调混乱的问题，中央指导组一去就发现了。那么，问题来了，湖北省以及武汉市纪委监察的同志们，难道没亲临一线督战吗？
1,参加团拜会的一网打净谢谢
1,要求社区工作人员跟车服务，请问领导你给社区发防护服了吗？发N95口罩了吗？发护目镜了吗？如果没有，为什么让一个健康人跟感染者密切接触，是嫌感染者太少了吗？
1,站着说话不腰疼！让党员干部跟车有什么用？他们会治病还是能救人？？这就是瞎指挥，吓得大家以后送一个病人都要干部跟车，岂不是白白浪费防护服！！
1,整篇信息写的啥玩意，能不能好好写下公文
1,省长呢，问题也太多了
1,中央指导组也没有实事求是的精神去挖掘问题根源，一味要求基层单位不切实际的执行防控指挥部的假大空的指令！这与党的作风要求相背离，也不利于解决实际问题！
1,说可防可控的、办万家宴的、开联欢会的……那些人啥时候约？
1,戴口罩也能看出满脸通红小编你火眼金睛啊
1,F4跑不了
1,怎么不约省长书记？约个副市长
1,看来zy是尽力了。
1,真的武汉zf一直很迷
1,跟班里的调皮孩子一样，没几天就要约谈一次。
1,这个级别，真可怜，背锅侠。。
1,监察委的同志，务必记得去夸奖国服最强的马国强啊，马国强书记今天说入户排查率已经98.6%了，好官。
1,这次疫情，武汉在全国造成的负面影响多少年都难以消除。主要并不在于疫情本身，而在于疫情发生后，武汉城市管理应急处置水平全面落后，各种应对措施严重滞后，与中部特大城市完全不相称。
1,现在他们都怕之前的事儿东窗事发…忙着开屁股…哪有心思抗疫情…都琢磨着怎么保乌纱呢……
1,痛心，检讨，反思。然后呢？？？领导能不能去基层看一看！！！应收尽收
1,这文笔是他妈上世纪小学二年级水平吗？
1,允许犯一次错误！但这么久了每次都出错就别怪社会指责和愤怒
1,脸色通红……
1,源头信息依然没有公开，追责问题还是没切中要害
1,谈话有用的话，至于到现在这个局面嘛，一堆烂泥
1,请在其位谋其政
1,哦。
1,该来的总会来
1,奥利给！！！
1,如果能做到，尽善尽美是最好，如果车辆人力短缺，则也不必求全责备。目前医务人员，基层排查人员，运输车辆应该是短缺，应平衡服务质量和数量，或者数量优先。如果还有很多人排不到车，则排到车的人不应抱怨车辆和服务质量，如果有更紧要的工作，上门道歉可以缓做。稀缺资源要最大化利用
1,“我们非常痛心…有责任…好好整改……”湖北和武汉官员的这类表态，听腻了上面全方位支持，企业各方驰援，民间善举不断，可是你们还是一次次捅娄子，让人失望又震惊。请狠狠打起精神落实到位！
1,约谈了？
1,脸色通红
1,约谈什么力度大家知道8
1,啥时候约谈省委书记省长和市委书记市长
1,把省长市长推出来，每次都是副的，冤大头啊
1,致敬一线所有人
1,一路走好
1,英雄一路走好
1,走好，精神永存于世人心中
1,致敬……希望大家平安归来！
1,请给予家属补偿谢谢
1,感谢一线医护人员、政府机关人员、军警科研人员、媒体工作人员、快递外卖小哥、环保环卫工人、社区和村口等防疫人员，你们辛苦了！你们拼命守护着每座城市辛苦了！目前最想看到一条新闻新型冠状病毒成功得到控制，再无人员感染，保护好自己和家人，我们众志成城万众一心攻克疫情！中国加油！
1,送别
1,英雄一路走好
1,李文亮呢？
1,不希望你们当英雄只希望你们平安
1,英雄走好英年早逝
1,都是人民的英雄
1,照顾好他的家人  谢谢
1,勇哥，请一路走好，你的样子永远在我们心里！
1,英雄[蠟燭]
1,关键不仅要看返程啊，还要看复课河南2.17就要开学的
1,一次性说死的都不太可信，钟老根据形势进行判断不容易，大家要理解，中国加油！
1,快点开学吧，我迫不及待想找我的小女友了
1,盼着快点，因为我快撑不住了！大年初三起连轴转，感冒数天了，感觉很悲观，我还能活到那时候吗
1,中国加油，钟老您辛苦了。
1,人家也是摸着石头过河，在这个时候说别人的不是智商低就是心肠黑，为人民献身的为国家献身的都是英雄
1,什么时候黑龙江的疫情能得到控制啊
1,玄学和封建迷信是两回事，瘟疫肺炎肯定是有一个源头，就是肺，庚子正月流月的疾厄星象属金，顾名思义肯定源于金，对应人体就是肺，在正月很难消退，大家加油！。
1,快点结束吧，一切都会好起来的
1,看现在情况，如果控制得好，武汉以外的省份或可在二月中下旬之后出现拐点，但武汉现在问题还很严重。现在全面复工，全员上岗恐前功尽弃。现在各地医护人员压力太大，医疗资源也很紧张。个人每天倒垃圾，隔几天买菜，非武汉
1,球球关注一下黑龙江了吧，现在确诊数量排十二，超过北京了，黑龙江医疗队支援的是孝感，仅次于武汉呐！黑龙江现在死亡率居高不下，确诊数量稳步上升，求求中央关注一下黑省
1,终南山老爷爷辛苦了
1,钟老照顾好自己，永远爱您。
1,都加油加油!都会过去的
1,我们河南几天后就开学了呀！
1,河南的17号开学
1,河南十七要开学啊！！！！！啊！！坐标信阳  教师想死的心都有了唯独没有口罩
1,科学就是不断发现不断探索不断修正的过程啊…这也要争真是服了
1,希望快点结束叭，希望都能平平安安的
1,什么时候是个头啊
1,传染还是要有人啊   如果所有人都听话就好  问题是总有人想显摆自己两条腿
1,今年高考啊
1,只希望疫情早日结束！白衣天使们平安凯旋！一定让钟老好好休息啊，别采访他了，让他多休息一会吧，都憔悴了那么多，
1,刚看完我和我的祖国，看这个消息又想哭了
1,原来内蒙是隐形的土豪，哈哈哈
1,内蒙锡盟人骄傲的要死
1,牛奶不是伊利就是蒙牛吧还是都有
1,是采购的诶～大内蒙好样的！（小声禁足在家的我也想吃肉）
1,蒙牛给我妈医院工作人员捐赠牛奶，我家现在有五箱，她单位里还有四箱，蒙牛的牛奶保质期是45天，我妈告诉我“渴了饿了喝牛奶”。他们主任家有18箱，平均家里每人6箱
1,内蒙人有一说一  锡盟的肉是真的绝尤其配上四川的火锅底料
1,请给内蒙包邮！包邮！包邮！！感谢！！！
1,作为一个内蒙人发自内心的骄傲
1,天门人民表示十分感谢
1,所以……嗯……来内蒙古的快递是否包邮呢
1,土豆吃腻了不要紧，内蒙的大兄弟们又来送肉和奶了，吃好喝好啊
1,600吨肉这可下了血本了    谁还说我大内蒙穷
1,内蒙古的肉是真的纯正
1,哇，内蒙古好棒啊!!!!吃肉肉!!!为内蒙古自豪!!!!
1,一定要落实到位啊
1,第一别老宣传老人捐款了行不？第二女性医护人员卫生裤也很需要第三男领导没有大姨妈自然不用卫生巾，但是女性需要，所以请男领导不要代替女性来回应说不着急
1,致敬钟姥爷辛苦了
1,钟院士真的很尽心尽力
1,钟老为国家操心太多了疫情快点好转吧也能让钟老有足够休息时间
1,八十多岁了还奋斗在前线上万名医护人员不顾生命在救援就是有人不听劝该出门该聚餐照旧简直没良心
1,钟老辛苦了
1,年纪这么大了，还这么心系一线
1,辛苦了
1,辛苦了注意休息
1,钟老辛苦了
1,钟老辛苦了，加油
1,钟院士真的辛苦了
1,钟老请保重身体
1,辛苦
1,震惊！！冬天也可以用电风扇！！我关注点不一样我知道别喷我
1,钟院士辛苦了
1,转发微博
1,钟院士保重身体啊
1,今天（11日）下午，钟南山院士及广州医科大学附属第一医院专家团队同广东医疗队武汉前方ICU团队进行远程视频会诊。
1,钟老年纪这么大了，我真的希望他好好休息
1,您辛苦了
1,人民的英雄
1,钟老一定要注意身体呀
1,致敬钟南山老先生！不愧是03年感动中国代表人物，向前线所有抗疫的医务工作者致敬！！
1,辛苦了……
1,老人捐款捐物的真相不推荐啊
1,感谢钟院士，您真的很令我们致敬，也保佑您健康平安
1,辛苦了
1,致敬钟老
1,致敬
1,辛苦后生敬佩
1,怎么举报朋友圈聚会的
1,看看武汉商学院宿舍吧渣浪一直在删视频
1,钟老辛苦了，我现在就希望疫情快过，各地医生快快回归。
1,好辛苦
1,辛苦了❤️
1,钟老辛苦了
1,转发微博
1,己亥末，庚子春，荆楚大疫。染者数万，众惶恐，足不出，举国防，皆闭户，万巷空寂。时天下震动，然九州同心。医者无私、警者无畏，众数万，入疫区，守生死。政医兵者扛鼎逆行为之勇战矣，能者皆竭力。布衣商旅争先解
1,希望5G网络这时候可以发挥作用！
1,您辛苦了♥
1,钟老辛苦了
1,辛苦了，注意休息！
1,钟老辛苦了
1,钟老辛苦
1,不信谣不传谣
1,大家都总脑管住自己的嘴，管住自己的腿！尽量不要给钟老这些一线人员带来更多的麻烦！
1,注意保护好眼睛
1,中国加油
1,强烈要求武汉延迟复工！！！顶我上去！
1,辛苦了我想问问为啥图二还有个风扇
1,辛苦了，注意身体，注意休息
1,钟南山院士辛苦了，加油。我们会乖乖听话，不聚集，戴口罩，多洗手的
1,只愿疫情早日结束白衣天使们平安凯旋钟老也好好休息啊，一定要给钟老最好的防护啊！都憔悴了好多天天在一线奋斗一定要保护好钟老
1,钟院士说什么时候可以动我就什么时候动
1,电扇是怎么回事？？？
1,钟老高龄还在会诊，我们没理由不拼！
1,人类在面临严峻挑战的时刻，不必过于恐慌。就像毛主席说的那样，~在战略上要藐视敌人，在战术上要重视敌人。​​​
1,致敬钟爷爷，您辛苦了。武汉加油，中国加油一定成功
1,保护好自己呀
1,钟院士辛苦了大家都辛苦了
1,钟老注意身体啊
1,钟院士辛苦了
1,辛苦了，钟老
1,2020加油啊！！！！
1,玄学和封建迷信是两回事，瘟疫肺炎肯定是有一个源头，就是肺，庚子正月流月的疾厄星象属金，顾名思义肯定源于金，对应人体就是肺，在正月很难消退，大家加油！。
1,辛苦了
1,辛苦了
1,辛苦了
1,辛苦了钟老！
1,红十字会还能信吗？
1,公开透明谢谢。
1,不敢拦记者了？
1,哟，进去了？？？
1,别直播了，武汉中心医院又缺物资了，快解决下
1,别放红十字会就行不是我们不懂道理实在是没有任何信任了……
1,我们要的就是公开➕透明
1,全世界捐了这么多物资过去到红十字会那里就全没了？
1,别要老人捐的钱了，要上点脸，你们也别宣传了
1,武汉中心医院急缺物资，不要让李文亮医生多战友流血又流泪
1,公开透明最好了
1,现在是九州通在配发物资了！
1,希望红十字会早点把物资都吐出来
1,红十字会红十字会红十字会。各界爱心人士，有钱有物都捐到韩红那里去吧，相比这些机构，更愿意相信她
1,❓
1,没必要，谢谢
1,好好的为人民服务吧
1,这是在人家三方机构接手之后才允许了采访，那之前为啥不让记者采访呢
1,布置好了？彩排没问题了？
1,看看他们怎么改的！
1,又来一次？
1,加油吧！越来越好
1,垃圾红十字会
1,咦，这一次进去了
1,不容易啊，这么久，终于进去了
1,要让老百姓都明白怎么回事！
1,造谣的，说风凉话的，唯恐天下不乱的，换号继续骂的，肯定混的不咋地
1,唉红十字会的效率实在不敢恭维
1,哈哈哈哈哈哈哈哈哈哈哈哈哈哈哈
1,云监工已上线。
1,哦哦
1,整顿后，我觉得好太多了。公开透明有序的展开工作，给红十字会的人点赞！
1,红十字会又被官老爷们保住了吧？
1,水能载舟亦能覆舟。民众都有自己的眼睛和判断，前有这种种让人心寒的事情，才会有如此后果。
1,为什么武汉中心医院会缺物资？捐那么多还是到不了一线医务的手上吗？建议领不到物资的医院暂时关闭啊，转到有条件收治的地方去！
1,今天都多少号了……
1,武汉加油
1,美国人民日报给
1,摆拍终于设置好了？
1,转发微博
1,都是准备好的吧
1,希望记者多跟进监督，
1,，为武汉红十字点个
1,看这个！仓库里物资看起来不少！！
1,把网络渠道空出来给求助人，我们不想看不想听关于红十字种种
1,公开透明
1,阳光总在风雨后
1,武汉加油
1,还有好多爱心人士的捐款，希望可以用到实处！
1,这么多库存在保证武汉各个医院物资的同时也请往周边县城城市协调些
1,这次不拦记者了？
1,不用洗白，这种机构烂到根了，取缔了吧。
1,公开透明吧，我们没有权利知道吗
1,佛了佛了，好好管理一下全国人民的募捐资源吧，这都是老百姓能帮助的全乎了
1,好了，知道了
1,信息公开化！透明化！
1,感谢一线医护人员、政府机关人员、军警科研人员、媒体工作人员、快递外卖小哥、环保环卫工人、社区和村口等防疫人员，你们辛苦了！你们拼命守护着每座城市辛苦了！目前最想看到一条新闻新型冠状病毒成功得到控制，再无人员感染，保护好自己和家人，我们众志成城万众一心攻克疫情！中国加油！
1,杭州每天滚动播放，武汉呢
1,红十字会不能信啦，怎么洗白都没有用的
1,？？？
1,不用洗了，我不捐给红会
1,加油，中国
1,已经好久都没有听到小区孩子们打闹的欢笑声了，期待疫情结束的那天早点到来，人们放心出行！
1,虽然现在是九州通在管理，但是还囤着这么多物资，毕竟很多市镇县都缺！有用的物资还是赶紧送过去吧！用不到一线医护人员的，可以给人民用呀，还有基础人员！囤着也不是个事呀！
1,又来啦，这次应该排练过十几遍了吧，保证万无一失
1,还洗呢，九州只管管理，分配还是红会
1,红十字？干嘛的？
1,？？？
1,物资流向清单出来了吗？当初说3天一出好像一直没看到？
1,之前不让进现在让进还能看个啥
1,山西一挑三
1,某些网民盲目且巨婴的思维真的要改一改了。国家现在内忧外患，趁你病要你命，台湾蠢蠢欲动，军机出动警告有动武的风险，美国频频使绊子，经济还面临这么大的压力，处理不好会乱的有的人闻到点腥味就闹个不停，觉得自己是正义和天使的化身你们真的是严苛的完美主义者
1,广西加油
1,山西给我冲！
1,江西给我冲鸭！！！随州加油！江西加油！
1,宜建钟情是真的！
1,山西人非常牛
1,山西加油！武汉加油！
1,山西一挑三牛逼
1,黑龙江加油！！！！啊啊啊啊啊啊！
1,山东冲冲冲。
1,辽宁加油
1,麻烦大家看看天佑医院，正规三甲医院，之前被报道误伤被大家以为是莆田系，现在没人捐物资，物资严重告急
1,重庆是真牛逼，自己是疫区，还跑去孝感
1,黑龙江和重庆为孝感加油
1,勿喷河北，虽然负责神农架，但我们真的不是去捉野人的我们连十八线小县城都派出四批医疗队伍支援武汉了并且我们还得护卫着京津两个直辖市
1,襄阳  感谢大辽和西夏一起加油！
1,湖南人民来了黄冈加油！
1,随州的小伙伴们，阿卡林省来帮你们抗了
1,山西牛逼（汶川地震山西对口支援我们）
1,山西从不善言辞！但我们一直在行动！！山西加油
1,四川没付出吗？
1,内蒙浙江
1,武汉加油，山西加油
1,重庆黑龙江冲啊
1,随州人民感谢江西人民啦
1,云南都在捐献物资，从河口的摩托车香蕉到文山的三七等等，云南很棒，云南已经尽力给了它能给的一切
1,荆州加油！广东凌晨已经到达，归来时，一个都不能少！
1,福建给我冲！！！
1,不要收老人的钱了一辈子的钱啊。。。
1,山东加油！
1,很奇怪没想到被这张图戳中了泪点真的让我很感动…此刻的我在海南但海南反而去到荆州去到我们家小县城的定点医院支援【可敬的逆行者们】由衷的感动…地大物博的国家此刻真的让我深深地感受到了来自五湖四海的国人们带来的聚集温暖愿大家都能平安度过这段日子我的家湖北也要挺住
1,山东湖南以后试卷不用愁了，优先派送！
1,安徽是不是去武汉了？
1,广东加油啊
1,东北和西南都给孝感加油啦，平安凯旋
1,我大山西棒棒哒！！！
1,云南冲冲冲！！！今天又没有新增！！！去帮助需要的人
1,感谢全国的同胞们。爱你们
1,龙江鸡头都快熟了  重庆也是  都不容易我黑真的是兜里一共就两块钱愿意拿出来一块五救别人的憨憨大哥地域黑东北都给老娘死
1,川军出川从未输过，联合京沪皖豫坐镇武汉重灾区全国最坚硬的龙鳞都给湖北了各个省都是砸锅卖铁支援武汉疫情早点过去英雄们就可以早点回家
1,惊蛰cp加油
1,湖南山东cp
1,武汉加油，广西加油！
1,山西1v3，冲鸭
1,贵州加油
1,山西牛逼！
1,湘鲁以沫，黄难与共！
1,我山西行动起来了
1,湖北一个副省级，十二个地级市，三个县级市，一个自治州，山西挑的是三个县级市。
1,云南加油！
1,一方有难八方支援，让美国看看，14亿中华儿女不需要他们的援助，能不能度过这个难关
1,一定要平平安安的回来啊
1,一方有难八方支援！转起来！
1,我大吉林也去了好几批了啊
1,贵州鄂州，风雨同舟！
1,闲（咸）云野鹤是真的！！！
1,山西冲鸭！！
1,辽宁冲啊！加油！都好好的！
1,东北加油
1,今天看到我们黄石东楚晚报发的推文了，江苏304位医护人员抵达黄石了谢谢江苏省！希望一切都快快好起来！
1,恩施加油，大天津加油
1,找了半天，看来我们湖南的网友是真的都喜欢潜水，默默加油吧
1,宁夏冲冲冲！和辽宁一起去支援襄阳！福建的兄弟也要一切顺利
1,湖北加油，中国加油！
1,我大山西一挑三，牛逼！
1,山西加油！等你们凯旋！[米奇比心]
1,山西冲鸭！！！！！！！
1,我们山西加油呀！
1,山西一对三
1,基层人员太累了
1,工作压力大，做的又多拿的又少
1,致敬，一路走好
1,基层工作者太累了，改善一下吧，多安排一些人手，形成扁平化领导模式
1,逝者安息英雄一路走好
1,应该适当提高辅警待遇了，有事了他们都冲在一线
1,英雄一路走好。
1,一路走好。致敬
1,唉……基层人员和医护人员一样，冲在最前线，做最危险的工作，而往往不被理解甚至被指责打骂的也是他们！真心希望那些头脑不清醒，心理不健康的人觉醒吧！没有他们为我们保驾护航，你或许连宅在家里的机会都没有了！致敬，一路走好！
1,一路走好，真的辛苦了，所有的工作人员都要注意身体
1,辛苦您了！一路走好
1,英雄一路走好心疼您们
1,哎，这种悲剧，人间惨剧。如何安息呢，都是有家有室的人。
1,一路走好
1,一路走好～～～
1,真的不想在看到这种新闻，都发生了那么多类似的事了，不可以轮班、休班的吗？为何还不给他们有个好好休息的时间呢？心痛，他们可都是家里的顶梁柱啊
1,一路走好
1,致敬英雄
1,别让英雄白白牺牲，别给前线战士增加负担。都在家呆住了
1,一路走好
1,一路走好
1,致敬！一路走好！
1,一路走好
1,一路走好
1,天啊，很多辅警工资很低，但很辛苦。请国家要善待他们
1,辅警也是警！请提高他们的待遇！
1,英雄一路走好
1,拿最少的工资，做最多的活
1,又一个...一路走好！前线人员真的要尽量调休啊
1,白天加班、值班、下社区，晚上夜班……这就是基层公务员现状。基层公务员单位的领导没有这么累。他们不用常值夜班，更不用常下社区，只是偶尔去“视察”，说几句话拍了照片就走，够给公众号报新闻信息素材就可以。
1,看得人心酸
1,我们山西人祝您一路走好向您致敬
1,49岁还是辅警...唉真是不容易
1,能不能让人先休息好在工作，这都累死多少人了，那些不断增加基层人员工作的渣渣没有心
1,我老公辅警，从初三上班没有休息过，忙的时候晚上10点还被叫回去加班。工资是全市最低工资标准2000。那些月工资八千正式的民警都称病不去上班。最后干实事的还是辅警。这就是现实
1,是时候为辅警协警们调整下待遇了做的绝对不比民警少甚至更辛苦  可是收入和社会地位大相径庭
1,辅警就是一个编制的异形产品，和民警要求一样，工作内容可能还会更多，公安工作累可以说是高危工作性质，但是民警有充足保障，辅警没有！降低进入公安系统门槛又不给相应的保障，也没有理论技能培训，一有事情辅警冲前面，没出事就算是和平年代之幸吧
1,疫情导致了多少不该死的人的死亡
1,强度太大了，应合理安排休息时间。
1,向英雄致敬！！！走好
1,愿早日想到办法
1,致敬，一路走好
1,又是一个生命的牺牲
1,英雄走好
1,一路走好
1,辛苦了一路走好
1,别太累啊他家人得多伤心啊！！！
1,基层人员真的要保护好自己！！！
1,送别英雄，一路走好，向您致敬
1,基层人员过劳死真是悲哀可惜这一条生命的离去也并不能改变最基层过劳的现状压力任务层层下达压实  最后责任过错全部都归干活儿最多根本没有决策权的基层领导出事儿免职可以东山再起基层出事儿就是丢了饭碗，上了年纪要重新和年轻人竞争上岗，甚至要承担法律责任何其不公
1,你用大爱筑起了生命防线，我们却只能道一声英雄保重，一路走好
1,为什么是辅警呢，因为民警都坐在机关办公室玩立扫把呢。
1,小人物就是这样，永远干最累的活拿最少的钱
1,家长的英雄一路走好
1,致敬英雄一路走好谢谢你曾经来过
1,英雄，走好，
1,致敬！一路走好
1,基层人员的健康很重要！
1,致敬！一路走好！
1,致敬，一路走好
1,一路走好
1,一路走好
1,太累了
1,天啊
1,一路走好
1,一路走好
1,英雄一路走好
1,致敬一路走好
1,一路走好
1,一路走好
1,我以为有美女看呢
1,这次疫情让我们见识了人间百态，各种黑暗和各种奇葩
1,待到春暖花开时
1,然而山大什么都不能拥有……
1,春暖花开时一起去武汉吃热干面
1,交大校花明明就是石楠花
1,此校花非彼校花，武汉加油！
1,哈尔滨丁香花为武大樱花加油，期待春暖花开！
1,携河南牡丹给樱花送去祝愿
1,春暖花开一定去武汉大学看樱花
1,拿我们学校后山野樱桃树给武汉加油！
1,海师大椰子给武汉樱花加油
1,春天总会到来
1,这样的有啥意义，希望武汉政府那物资供应好，保证医务人员安全，形式主义对现在的武汉真没意义
1,那个武大樱，哈哈哈哈哈哈哈，武大郎快好起来
1,毛主席“人民日报是二流报纸”
1,南中医格桑花前来祝福
1,武大郎的妹妹武大樱
1,吉大杏花为武汉加油
1,不去个好学校都没法给武汉加油了
1,2015年6月的出版儿童图册，那才叫“绝”，山珍野味好吃，用途广。保护野生动物呢？天大的超级讽刺
1,我们辽大有银杏，可以没啥花
1,华科呢
1,重师的马鞭草可以有姓名吗
1,武汉加油，春暖花开时节，全国人民和你们在一起！
1,凤凰花是什么花
1,最终华科大还是不能代表武汉吗？武汉加油！
1,我在南林，祝福武汉，等春天来临，我们俩校，共赏樱花
1,待到樱花烂漫时，想去吃热干面，剥小龙虾……武汉等着我们。
1,热干面
1,真校花
1,待到春暖花开，我们相约武汉
1,春暖花开，平安归来桃花
1,第一个是我清，心满意足
1,好好看
1,等到春暖花开时，去武汉看樱花，樱花看着树下的千千万万人，千千万万人看着树上的樱花
1,农大水稻为您加油
1,美女呢？人日
1,等风来等春天来！！！！
1,静待春暖花开
1,春暖花开
1,我们学校花不多，树多
1,我校没有花只有飞机
1,人民日报是二流报纸
1,石楠花给樱花加油
1,好漂亮
1,真·校花
1,待到山花烂漫时，她在阑珊处
1,武汉加油   等好了一起来武大看樱花    武汉欢迎你
1,待春暖花开之日我们再来看你武汉
1,西培大板栗为樱花加油
1,石榴花可以拥有名字吗
1,真好看
1,中大人为武汉加油！！！
1,武汉的朋友等春暖花开也来同济看看樱花吧
1,校花海小棠真好看
1,春暖花开时！相约武汉！
1,春暖花开时一起看樱花
1,还没去武汉看过樱花！
1,春天总会到来
1,南大光秃秃
1,春天终会到来！
1,石楠花呢
1,好美
1,一定相约，春花烂漫时，回馈武汉，加油武汉兄弟！！！
1,我以为有校花可以看
1,待到山花烂漫时，一起去武汉看樱花
1,加油
1,待到春暖花开
1,等疫情过去我一定去武汉看最美的樱花！
1,小宝贝一定知道他们都是天使吧
1,孩子眼里的妈妈！天使
1,看到天使当然会笑啦
1,告诉你个秘密  打完各种疫苗看见穿白的就哭
1,也给大家说个好消息！我的家乡小梧州确诊五例，五例全治愈啦！！其他的也一定能战胜病毒的
1,打了马赛克也能看出来孩子真的在笑那个笑容让人心疼呀宝宝快点好起来
1,爸妈儿子女儿岳母一家5口，在初一从武汉来潮州逛街逛超市吃饭。传播很多人去隔离观察，还好潮州五例都是他们一家相互传播，政府马上控制没有一例本地。导致五人让本地很多人唾骂。当时武汉医疗设备不够，可以理解来潮州找他姐姐一家，但是不上报，到处去就不对。2个月的娃娃是潮州第五例，送去广州的。
1,希望小宝宝健康成长，但是她的父母应该被立案，武汉封城还逃离到潮州，千里送毒，来就算了，还不主动上报隔离，用亲戚身份开房，懂得不跟自己亲戚接触，却到处逛超市逛街，吃宵夜，无耻！可以理解大难面前谁都想逃生，但是不能理解到处传染别人，如果一来就上报隔离，小宝宝也不至于重症潮州转广州
1,孩子可是武汉封城后父母自驾上高速带到潮州的，不跟家人一起密闭待车里那么久估计也不会被感染，快点好起来吧，她妈可不是什么好人，来了潮州不隔离还去逛超市香水店吃夜宵
1,宝宝头发那么黑，身体素质一定很好
1,孩子是可爱的，也是无辜的，但这孩子的父母却是不负责的！封城之际自驾到广东潮州刚好年初一，来到后不自觉隔离，反倒去了很多地方吃吃喝喝逛逛，结果一家三大俩小全都被确诊，跟他们一家接触过的百来人全部隔离，让本来无一感染者的小城市陷入人人紧张的气氛里。真是可恨！
1,健康宝宝
1,你笑起来真好看，像春天的花一样
1,现在的医护人员简直是生活中的“衣食父母”赞
1,希望你们传播正能量的时候也能说明她是如何被自私父母感染的
1,孩子是可爱的，也是无辜的，但这孩子的父母却是不负责的！封城之际自驾到广东潮州刚好年初一，来到后不自觉隔离，反倒去了很多地方吃吃喝喝逛逛，结果一家三大俩小全都被确诊，跟他们一家接触过的百来人全部隔离，让本来无一感染者的小城市陷入人人紧张的气氛里。真是可恨！
1,小宝贝要健康成长
1,屁。宣传正能量也要有点常识好吗？
1,因为穿防护服的都是天使呀
1,一定要健健康康的长大
1,小孩子无辜，心疼小孩，但是父母真的渣，封城后还到潮州千里送毒发烧了还逛大型超市和各家商铺，搞得整个潮州人心惶惶，希望立案，父母判刑
1,怎么那么小就会有？
1,可爱到宝宝善良的医护人员
1,孩子快好起来，家长不是好东西。//:孩子可是武汉封城后父母自驾上高速带到潮州的，不跟家人一起密闭待车里那么久估计也不会被感染，快点好起来吧，她妈可不是什么好人，来了潮州不隔离还去逛超市香水店吃夜宵
1,天使妈妈
1,希望小宝宝健康成长
1,小天使对着大天使微笑
1,一家人跑来潮州送毒，你来了自动上报隔离，大家都能理解，这样满街跑，不过孩子是无辜的，希望早日康复！
1,天使看天使，当然会笑啊，致敬最美的白衣天使
1,对她父母千里送毒自私自利的行为感到愤怒，孩子是无辜的。其他啥也不说了，武汉加油，中国加油。都会好起来的。
1,小宝贝要健康成长呀
1,宝宝赶紧好起来，小天使
1,原来他父母就是潮州那家人啊，那这孩子无辜，他父母真的有病
1,加油，宝贝
1,好可怜(´;︵;`)祝福
1,天使看见天使都会微笑
1,希望小宝贝健康长大
1,太暖心了看这种真的会哭
1,唉，这么小的宝宝。。。希望早日康复，健康长大啊！也希望医护人员都能平平安安！
1,小宝贝，一定要健康快乐成长哦，危难下诞生的孩子
1,想多了，小宝宝只是性格开朗
1,小宝宝一定要健健康康平平安安的长大
1,乖宝宝要快快好起来！医护人员一定都要早日健康归家辛苦了
1,宝宝真的是无辜的但是宝宝父母一家子从武汉逃过来潮州不直接去医院有病症还去逛大型超市，买东西住酒店叫美团外卖，害得一堆人跟着隔离。实在不能理解
1,白衣天使们真正践行了"老吾老以及人之老，幼吾幼以及人之幼"
1,那是当然啦天使宝宝看见天使姐姐们当然会会笑啦孩子的表达方式最纯净最天真
1,我小姨家宝宝也差不多这么大，我现在看到这些真的忍不住想哭，宝贝要加油啊
1,感动
1,看哭了小宝宝要尽快痊愈哦，谢谢医生护士，你们像天使一样
1,天使遇上了天使，当然会笑啦
1,好好的
1,天使妈咪
1,宝宝太不容易了，会好起来的
1,宝宝的发量真令人羡慕
1,可爱的小天使
1,小孩子一般看到天使都会笑，阴阳眼！
1,呵护好祖国的花朵
1,不要逗了好吧，这样的新闻真的很无聊
1,暖心❤
1,吃野味的你出来看看你害了多少小孩儿……
1,托他们全家的福潮州5例就是他们全家
1,你们把她的孩子当成自己的孩子去照顾，她那该死的爹妈有把潮州的人民当人吗
1,宝贝快点好起来哦
1,因为小宝贝有这么多人保护所以笑
1,连婴儿都知道这些人是天使，而有些大人却不知道.....
1,人民日报社，你可知道，她就因为她爸妈和外婆的无知和愚昧（23号封城25号她爸开车长途跋涉躲避逃脱来潮州）而导致全家五口人（还有她哥哥）均中招（潮州唯一五例），可怜的孩子，可恨的长辈！
1,我希望崔某一家坐牢
1,立案！
1,虽然很讨厌你的父母，不好好自我隔离还在我们潮安这到处跑，连累多少家庭提心吊胆！连累多少医务人员、工作人员不眠不休！但你是无辜的，祝早日康复吧。
1,孩子是无辜的，但是父母是极不负责任的。
1,其实这次云南除了大理那点破事儿，做的真的很不错，马上启动一级响应，该封路的封路，检查的检查，隔离的隔离，还发短信通知，一天发三次，我们大云南还是可以的嘛
1,云南
1,鲜花饼
1,昨天早上确实零新增，晚上就新增了八例
1,云南加油！中国加油！武汉加油！
1,太棒了！！
1,江苏人为云南人加油！你们很棒！
1,希望我们重庆明天也可以
1,这只是半天，早上增了8个，不过还是加油！！！！云南加油！！！
1,评论里的智商令人堪忧没看见是中午十二点到晚上十二点吗卫健委一天报两次OK?早上增加的也报了误导谁了？还有抢物资的是大理ZF又不是云南人民我们也觉得很丢人很抱歉脑子不好用捐给需要的人好吗
1,云南和西藏全村的希望！！
1,云南不进土味牛皮，控制也牛批
1,好！！！
1,太棒了！加油！云南！加油！中国！顶我上去！
1,厉害了啊啊啊
1,看看广西省河池市都安县好吗，那里确诊13人，医护人员，物资严重缺少，医护人员都是戴着文具袋，穿着雨衣去的，已经有医护人员被感染了，能不能求助一下啊
1,什么时候能在药店买到口罩啊啊啊坐标昆明市呈贡区
1,求把云南省委阮成发还回武汉
1,除了大理，云南加油
1,请你不要再宣传老年人捐钱了！！！！！！！！！
1,云南加油！云南
1,野生菌
1,云南野生菌保护我方咸宁！云南白药保护我方咸宁！云南十八怪保护我方咸宁！昆明烧饵块·文山三七·昭通苹果·昭通天麻·蒙自过桥米线·宣威火腿·滇八件点心·普洱茶·丽江雪桃等附议！大象陆运准备就绪！孔雀空运准备就绪！
1,云南加油
1,云南好棒
1,云南好样的，还有没有没被找到的？
1,好事好事
1,加油！！！！！
1,保持住
1,云南加油
1,云南好样的
1,菌子护体！！坚持住！
1,希望这种零越来越多我们可以的
1,再接再厉！争取彻底的胜利！！！
1,内蒙古和云南都是0了会越来越好的
1,好！！！
1,好事情
1,云南加油，这次小到贫困县都捐赠了不少物资，看见一车车的物资往外送的时候真很感动，希望云南越来越好，祖国越来越好！
1,云南在此次抗击疫情中做的真是很好，要不是有大理那口罩方面的破事，真的是完美无缺
1,求千万别弄虚作假
1,太好了
1,棒是棒我怕有躲起来的毒王
1,口罩还干净了吗？
1,每次报零新增下12个小时增加几例也很关键
1,紫外线再猛烈一点吧！！！
1,希望各省都越来越好，大家会好起来的
1,那可以把重庆的口罩还回去了吗？
1,那就好
1,云南牛逼，武汉加油！
1,希望云南也封城吧，别再让其他人进去了以避免感染
1,每天醒来第一件事都是看最新疫情速报，感染人数持续上涨，返程将会将疫情推至最高点，我们现在不要太恐慌，而是坚决行动起来，调动起全社会每一个人的责任感，在疫情面前真正做到众志成城，万众一心，攻克难关！武汉能，中国能！
1,他们云南人的对手只有野生菌
1,哇，我以为会是新疆，结果是云南，西藏，青海，内蒙古，云南加油，继续继续！！！
1,光报道没有新增的时间段吗？？？？！？！
1,我太爱好消息了
1,别的省份包括湖北也快点降下来吧
1,10号12时之前不是又增加了8例，这是报喜不报忧？
1,不该报道0-24点吗？有8个啊
1,好事，但还是有点小担心，希望各地千万别在这件事儿上弄虚作假有病例不敢报。
1,在云南成家的湖北佬路过，本来订了初二的机票直飞宜昌，可是腊月二十八看见武汉上班的亲戚都在说封城，思来想去还是把机票退了，给大云南打call，坐标昆明，小区每天消毒，进出登记量体温，可能很多人眼里的云南很落后，教育确实没有湖北好，但是也是在发展。也希望大湖北快点好，疫情过后欢迎来云南嗨
1,加油！
1,我云南加油，防控疫情，人人有责
1,2月10日0时至12时确诊了8例的
1,重点是2月10日0时到12时新增了八例，形势依然严峻
1,大云南棒棒哒，继续保持啊
1,昨天不是报道新增8个吗？
1,好好好好好好好好好
1,从疫情开始到现在，看着云南每一项措施，真的点赞。别的不说，就说我的城市弥勒。警察，医生，社区，基层公务员都有条不紊的为了疫情奋战在一线，网上黑子总拿大理说事情，事情出来你们也看到云南的处理方式了，快速，果断愿疫情早日过去，彩云之南欢迎大家
1,加油
1,奥利给
1,形式主义真是太多了，都是面子上的事
1,事实证明现在没有外部敌人能打倒我们，脱缰的官僚主义才是我们的最大敌人
1,你们这些官僚主义人士还知道自己是形式主义啊
1,哦。
1,形式主义害人不浅！！！
1,啊我们学校天天让填呢不填还要精神批评
1,杜绝形式主义和官僚主义可还行？做到了吗
1,上面说杜绝，底下全是走形式主义的行为。
1,严禁说大话不负责
1,？？！刚问了一个武汉的朋友，她说不好，跟热搜上的好消息差距太大了！
1,填表主义还很严重--基本上就是一副"我都让他们登记了，还想让我咋的"的态度
1,网民也就是说说，谁敢得罪领导。
1,最近我们填表填疯了，各个部门都要，不同类型的表一天能报七八份
1,我们学校就让一直填自己和家人的体温，开学交，有啥意义？？
1,如果举报有奖，应该是一大笔开销
1,山东最喜欢搞这些呢
1,你开的这个发布会就是形式主义，还让企业保证防疫用品，企业拿着钱，根本买不到防疫用品啊
1,说归说，做归做，完全不是一回事儿
1,天天发社论，怎么学校就是不改，还变本加厉了。领导一个屁，我们忙一天。问题不止一个领导，每个领导还不止一个屁。折腾我们辅导员就算了，天天折腾学生，辅导员要求24小时抱着手机就算了（不是因为要时刻关注学生状况，而是要时刻关注领导通知！！！）学生也天天被折腾，也得24小时盯着手机。
1,现在变成了app打卡健康签到，每天汇报情况
1,哦
1,贼喊捉贼好玩吗？
1,形式主义的不二表现因为爱人单位报表返回时间有出入，实际已返回居住地，居委会和本人单位皆按实际填报！爱人单位要求他重新计算隔离天数！神操作！
1,一定要深刻领会，千万不要发展成用形式主义解决形式主义
1,对，不要弄形式主义，真的，何必这么累，干些实事不好吗
1,形式主义太过了要实在一点！
1,刚刚在今日校园填完表的我
1,晚了我们大学已经填完了
1,形式主义必将腐败
1,单位天天写单位领导做了什么事情的推送，辛苦加班写推送的朋友了
1,我也不想天天催家长填表啊，但是教育局要求学校汇报情况，学校要求班主任汇报情况。通知一发，你不把表填完，学校主任就催命似的一直发消息、打电话，班主任也很难啊
1,一个文件上级单位发了下级单位又转发，重复又重复，这个周的文件比一个月的还要多，全是疫情相关的，差不多每个局机关都要出肺炎相关文件，不出文好像要拖后腿一样我看等疫情结束是否还要写总结
1,大学生动不动来个问卷调查
1,形式主义确实存在，希望开通一个专门举报形式主义的热线。
1,填表确实太形式了
1,以形式主义反对形式主义，以官僚主义反对官僚主义
1,我们上级单位也发了文说杜绝填表式抗疫然并卵没有什么是填一张表不能解决的如果有那就填两张
1,我们学校已经不止于填表了，都现在了还让学生办主题手抄报，手抄报救国吗？
1,我们这基层就是填表抗议，官僚主义啊，领导都怕担责任，就让基层下面人填很多表，好洗清自己的关系
1,我在国外学的一个词叫goal-oriented，意思是目的导向，在国内很少听到人提到，目的导向的意义在于不拘泥于形势和手段，而在乎目的是否达到，形式主义最大的问题是不问问题解没解决，只问章程是不是齐全，所谓“没有功劳也有苦劳”，真是无能者的遮羞布
1,天天发社论，怎么学校就是不改，还变本加厉了。领导一个屁，我们忙一天。问题不止一个领导，每个领导还不止一个屁。折腾我们辅导员就算了，天天折腾学生，辅导员要求24小时抱着手机就算了（不是因为要时刻关注学生状况，而是要时刻关注领导通知！！！）学生也天天被折腾，也得24小时盯着手机。
1,现在基层工作人员不但要填各种表，报各种信息材料，而且还要用最传统的方式入户走访。
1,黑龙江形式主义最严重‼️每天清早家长打卡〰️身体安好、无症状、
1,形式主义和官僚主义一直存在，可以说是从古到今，喊口号，做排场，上面一个屁，下面一场戏！
1,县内走动要通行证，外地车辆一律劝返，打听了一下乡里办证要跑4个地方，队里登记，村里取材料，医院检查，再乡里盖章，只管两天时间，我...不去工作还不行吗
1,还有农村设卡拦路抗议，表面拦路，实际车还是可以进出，就是形式主义。也不见有干部下来，旁边就是村民举重赌博，也不见下村管管
1,哦
1,那百步亭社区关心一下
1,哦个锤子
1,相信大大
1,大学生天天填
1,怎么感觉说的是上海？那个健康登记表
1,加油加油  中国
1,毛主席万岁！
1,你看，你们那些小九九，上级都知道。
1,不光填表形式主义，还卖关子刷威风呢！我有视频传不上去，渣浪给我删了
1,就是   咱也不知道填那多表干啥  内容都一样
1,根本不可能一个健康信息不同的格式一天要交四五个表格给组织上面说拒绝形式主义下面说出了差错你负责吗照样同一个东西反复填写这样企业复工的效率体现在哪里
1,谁敢得罪领导啊，秋后给你穿小鞋。要有后备机制保障投诉者权益，才会有更多人来揭发检举
1,支持实事求是
1,如果用形式主义来杜绝形式主义，那就是个死循环。
1,你可能没想到宣布杜绝形式主义这本身就是形式主义
1,天天报健康，就不能不舒服了生病了才报？形式主义要怎么才能打击完？他妈都在搞形式主义，以求推卸责任。。。
1,杜绝的了吗？我爸从年前填到现在……填表都还好说，别动不动下文件，什么事都让基层做，他们做不做的了都没点数吗？
1,每天接龙填表整理表格
1,在基层，真的深受形式主义毒害，导致我们普遍的厌恶却又无能为力，渐渐只能变成咸鱼，假装一切无所谓了。
1,一天固定报表10+，每天额外3-5个不定
1,尤其是年末督导，根本就是扯尼玛蛋，真特么想好就多走走看看，想检查各项工作就进去实时看录像，平常一群基层累死累活的到年末政绩工作全特么归整理档案的了，也是不要个脸
1,录视频磁出小报写信等形式真的已经过时了，几十年前没什么网络的时候弄弄也算了，现在整这些没用的事情是自我感动吗？
1,反复填表一天一个政策！
1,不能松懈
1,请停止收取普通人的一生积蓄或者收入！尤其是孤寡老人，更尤其那些拾荒为生的老人！还有生活贫困人员！国家现在缺的不是钱！请停止这样的宣传！！他们的钱一分都不能要。我们国家那么强大，还用得着这点钱吗？那可能是人家的养老钱或者救命钱！媒体也别再宣传这些了，令人作呕。​​​
1,稳住，我们能赢
1,看下黑龙江好吗我们增长速度有点儿不乐观
1,能不能别老报好消息，新年返程了吗？这样很容易让人放松警惕。还有武汉以内呢？到底有多少还没收治？都有人跳楼了。
1,大家再忍一忍！加油！
1,我去哪里举报，我们领导从安徽坐高铁回来的，没有隔离，昨天今天都来上班了，今天才接到居委会电话让他居家隔离我们已经跟他一个办公室呆了一天多了，好烦啊
1,简直是太乐观了     这些领导眼里看到的竟然是下降
1,黑龙江在增长
1,真的吗？看看黑龙江呢
1,昨天一日死亡97人，死亡率升高了。想起最早钟老接受的采访中被很多官媒忽略的那句话
1,我们黑龙江，人口少，每天增加多，没有下降趋势，而且已经复工了
1,能不能关注一下黑龙江，稳步增长中
1,太乱了，网友记住，谁的话都不要相信，有自己判断.
1,下降啥我武汉的，我们小区还在直线上升，都确诊116例了，还有疑似多例，都没人管！！都不敢出门，附近就一个超市开门，都没得买
1,玄学和封建迷信是两回事，瘟疫肺炎肯定是有一个源头，就是肺，庚子正月流月的疾厄星象属金，顾名思义肯定源于金，对应人体就是肺，在正月很难消退，大家加油！。
1,这是一个利好的消息呀，等了这么多天总算是等到一个希望。根据墨菲定理，所有预期的时间都会比实际需要的时间少，情况远比想象的坏，这是正常现象。但要提前做好防范，做好预设做好计划，随时做调整，以万变应万变。期待疫情的拐点早日到来。
1,我想知道什么时候能出小区的门？什么时候可以去上班？这个月是坚持过了，那下个月怎么办？再不上班会被饿死的？再不上班钱包空空也…………
1,媒体只会报道比较好的消息，那些比较不好的消息一般不会报道，如果报道的话，很容易引起全民恐慌，人心惶惶
1,马上一切都会好起来
1,可以见男朋友啦好开心
1,稳住啊！我们能赢！加油！
1,黎明前的曙光！一定要坚持下降下去！
1,已经看见胜利的曙光！祖国加油！武汉加油！
1,加油，一定能战疫成功！
1,刚起床看到这微博心情美美哒
1,再接再厉！！！
1,关注一下哈尔滨的疫情，这两天上升的太快了！求控制住啊
1,是真的下降，还是有些地方瞒着未报
1,黑龙江没人管？
1,只有黑龙江呈上升趋势
1,我刚看了武汉排查98.6的搞笑数据，结果全武汉人都成了剩下的1.4
1,偶尔也会觉得一觉醒来这一切都是一场梦，坚持下去，大家都好好的，希望都在呢
1,请关注一下黑龙江
1,快点过去吧
1,气的我都想投诉人民日报发布虚假消息。
1,看下黑龙江好吗我们增长速度有点儿不乐观，医疗水平也不是很乐观。死亡人数比其他城市多，治愈人数又少。关注一下我们黑龙江吧。我们唯一一个非武汉周边城市却标红了的地区
1,黑龙江后妈养的????????????
1,武汉那么多求助的人…………
1,黑龙江增速很快
1,不敢信你的
1,为什么捐款的都是非常朴实的普通群众，那些zf公职的也捐了吗
1,除了黑龙江
1,我信你个锤子，那么多瞒B的
1,救救我们湖北吧！！！
1,终于下降了
1,湖北怎么办
1,湖北交通啥时候能恢复正常啊
1,好消息，稳住，我们能赢
1,死亡在上升呀
1,请关注一下百步亭社区吧，都是生命，都想活着
1,一个月以后你再说，大城市刚复工
1,只有全部疑似集中收冶，才是疫情的拐点，外出务工多的省份，不严查死守，将会变成重灾区
1,别盲目乐观了多少人一听下降趋势全跑出门了
1,好消息啊
1,黑龙江无所谓了吗
1,呆家里！钟院士说动才能动！
1,黑龙江也很严重，死亡快10人了，仅次于湖北，死的人比除武汉以外的市都多，这还支援别人呢，希望东北多去救下黑龙江吧，辽宁派出去那些人去支援外面了自己的兄弟怎么办，大连锦州那些人救下黑龙江好么，东北别弄那些一次1000人那虚荣的事了吧，太着急了，东北多讲讲兄弟情吧。
1,不盲目乐观，但总会控制住的！大家加油
1,现在是不是都不发各省的数据了
1,切忌盲目乐观，前几天的返工潮带来的传播影响还要一段时间才能显现
1,希望好消息越来越多
1,请问黑龙江应该自生自灭吗自己家里都严重还往武汉派人，麻烦你们一线有经验的也照顾照顾付出的行吗？没物资没设施，300来人天天涨，治好的少之又少。你们不要黑龙江麻烦发个通告，黑龙江人在等着国家关注，到死那天能不能等来了。
1,希望下一次的新闻没有除湖北几个字
1,下降就好
1,好事儿，希望快速下滑到0
1,就湖北在增加
1,合着湖北不属于全国呗...
1,武汉的真实情况真的乐观吗？数据假的要死
1,太好了！！！！！
1,太棒了内蒙
1,内蒙地域辽阔不容易啊
1,通辽高亮后那个图案更显眼了
1,我们拉萨一直保持1例，也是好事
1,请有些人不要因为一些话，或者一些图片，就弄的遥言四起，节奏满天飞，你们的言语会伤了很多人的心
1,内蒙古可以的最近进出都要扫码登记
1,好事啊
1,在兴安盟虽然只有一例（而且我们这边小县城连疑似都没有但真的管得和重灾区一样大内蒙顶
1,主要我们内蒙管控严格，超严格！鼓掌
1,黑龙江来抄作业啦！这地广不？人稀不？难管理不？人家是怎么做到的？
1,我的峻峻树还在阿拉善种着呢
1,感谢霍林河那一家人，让全国人民都知道了通辽是个锤子
1,单看大内蒙地图，天呐。我大乌海好小，莫名喜感。
1,阿拉善
1,包头一开始就三个，结果土右那家，硬生生的把包头变成红色
1,从年后赤峰就开始封小区限制出行啦，不让私家车上路，身为赤峰人还是比较安心的，希望慢慢的都会好起来！
1,我大内蒙政府是亲妈，管控贼严
1,大内蒙果真硬核，全国加油，我是内蒙古人，如今在守护自己，守护家人，我就是自己家的英雄，做好自己就是为国家做贡献。
1,又想说霍林河那个大姐，生生把通辽拉成了深色。从一个变成了六个
1,期望每个地方都这样，加油！！！
1,我大内蒙挺住啊
1,我们内蒙人也很多的好吗，只是真的管得严，小区有多个门的全封死了，只留一个小门防护人员看着，外出的车一律不许进小区，只要不是本市的只要回来全部居家隔离14天。我昨天从奶奶家回自己家(就本市跨越两个区的距离)，差点不让我回家，测体温34.7填完表才进来包括楼下超市都是只对熟人营业
1,内蒙古加油！荆门还等着你和我们浙江去帮忙呢！
1,内蒙管控超严格，果然见成效了，前线的英雄辛苦了，内蒙的领导辛苦了
1,幅员辽阔的好处
1,包头挺住！
1,通辽～一个聚集毁了一家人
1,这才是正确的报道，负责的报道！！！
1,有这份心意就够了，她们生活不容易
1,老奶奶也不容易不能收
1,多宣传这种的！！！
1,我大妈还是我大妈。
1,民警做的对，感谢老人家
1,就是不能收
1,没错没错不能收不能收
1,做得好！
1,哭了
1,愿长命百岁！
1,对啊不可以收他们的
1,感动但不能收
1,不能收，心意领了，感恩
1,真的好善良的老奶奶
1,老人捐款意思意思就行了，真不能全部收下来，这是人家不知道省多久才攒下来的钱
1,够了，这样的新闻已经不需要了
1,把之前的也都还回去吧
1,好！
1,绝对不能要
1,就应该这样，棒
1,不用啊
1,老人自己也不容易，国家也不缺钱。
1,可以收100，人家的捐款心意。
1,大娘戴的还是棉的水洗口罩
1,接受老人捐款的心意，但不能收老人的钱，老人也不容易！
1,这就是中国的老百姓啊！致敬！
1,敬佩，但不提倡
1,对啊！这个才是应该宣传的！
1,的确不能收，老年人也不容易
1,我家附近友谊县的
1,真的，这样的捐款不能收呀，老奶奶的心意很珍贵，民警的处理方式真棒！
1,不要每次重大问题都来一场感动中国，我们更需要反思，不然教训依然会重复！
1,缺物资，不缺钱
1,为东北同胞点赞
1,就该这样！！
1,给奶奶个医用口罩吧，那个棉的不顶用
1,你能夸夸我们东北吗？说说东北人在这次疫情面前都做什么了？说说东北人的憨厚，善良，实在，勇敢，即便自己也很难，但在同胞有难时总是义无返顾的冲上去帮忙
1,拒绝是对的提醒老人别被其他骗人的捐款渠道给骗了祝老人家身体健康
1,这是老人的基本生活费用，心意到了就可以了
1,拒绝的对，老人不容易。
1,黑龙江民警
1,很棒，两个人都很棒
1,那位87岁的老人捐款不知如何处理了。
1,做的好
1,坚决不能收
1,希望多关注一下买不到口罩的中老年人，他们不会通过网络渠道买口罩，更不会用网络定菜，明知不能出门还得去买菜，已经看到过很多这样的视频了，真的很心酸！
1,武汉缺的是钱吗？钱捐的还不够多吗？不要收老人的捐款，疫情过去她们的生活谁会管？
1,不错
1,这事，干的漂亮！点赞。
1,不要是应该的
1,那以前那些报道出来的贫困老人呢？
1,骂乖了感谢大家，骂出进步就是好事！
1,这几位民警做的对！赞一个！
1,谢谢奶奶，长命百岁
1,点开之前没想到这么好笑哈哈哈哈哈哈哈哈哈哈哈哈哈哈哈哈哈哈哈哈哈哈哈哈哈哈哈哈哈哈哈哈哈哈哈哈哈哈哈哈哈哈哈哈哈哈哈哈哈哈哈哈哈哈哈哈哈哈哈哈哈哈哈哈哈哈哈哈哈哈哈哈
1,网课真是尬
1,不是在家里怎么上体育课啊
1,体育老师一个人撑起了整个队伍
1,哈哈哈哈哈哈哈哈哈哈哈哈哈哈哈哈哈哈哈哈哈哈哈哈哈哈哈哈哈哈哈哈哈哈哈哈哈哈哈哈哈哈哈哈哈哈哈哈哈哈哈哈哈哈哈哈哈哈哈哈哈哈哈哈哈哈哈哈哈哈哈哈哈哈哈哈哈哈哈哈哈哈哈哈哈哈哈哈哈哈哈哈哈哈哈哈哈哈哈哈哈哈哈哈哈哈哈哈哈哈哈哈哈哈哈哈哈哈哈哈哈哈哈哈哈哈哈哈哈哈哈哈
1,我说最近怎么楼上老是蹦哒呢！
1,哈哈哈哈哈哈哈哈哈哈哈哈哈哈哈
1,音乐老师上网课的时候，爸妈以为孩子在看直播，一顿暴打。
1,网课还上体育啊，高中党羡慕不来的操作
1,哈哈哈哈哈哈哈哈哈哈哈哈哈哈哈哈哈哈哈哈哈哈哈哈哈哈哈哈哈哈哈哈哈哈哈哈哈哈哈哈哈哈哈哈哈哈哈哈哈哈哈哈哈哈哈哈哈哈哈哈哈哈哈哈哈哈哈哈哈哈哈哈哈哈哈哈哈哈哈哈哈哈哈哈哈哈哈哈哈哈哈哈哈哈哈哈哈哈哈哈哈哈哈哈哈哈哈哈哈哈哈哈哈哈哈哈哈哈哈哈哈哈哈哈哈哈哈哈哈哈哈哈
1,不止体育课我上语文课抽查学生发现她穿着睡衣在被窝
1,啊哈哈哈哈好可爱啊
1,哈哈哈哈哈哈哈哈哈哈哈哈哈哈哈哈哈哈哈哈哈我们体育老师没人理
1,啊哈哈哈哈哈哈哈哈哈哈哈哈哈哈哈
1,哈哈哈哈哈哈哈哈哈哈哈哈，这音乐谁配的，想到一个电影
1,哈哈哈哈哈哈哈哈
1,这个家伙很懒，什么都没留下
1,网课打开了一个新世界的大门啊
1,笑出声
1,哈哈哈哈啊哈哈，没点开前好糊啊
1,想象一下幼师上课吧
1,孩子们看的笑哈哈，体育老师累的直挠头。
1,太难了
1,我选的羽毛球怎么上？！
1,什么，体育还有网课
1,哈哈哈哈哈哈哈哈哈哈哈哈哈哈笑死了单人蹦迪
1,笑死了哈哈哈哈哈哈哈哈哈哈体育老师无所不能
1,哈哈哈哈这一届师生都太难了
1,哈哈哈哈哈哈哈哈哈哈哈哈哈哈哈
1,哈哈哈哈hihi哈哈哈哈hi哈哈哈哈hi哈哈哈哈哈哈哈哈哈
1,哈哈哈哈哈哈哈哈哈哈哈哈哈哈哈哈哈哈好想尝试上一节
1,哈哈哈哈，我弟上体育网课，老师在认真做操我弟在旁边开小差，第一次觉得体育老师这么可爱
1,怪不得我家楼上的楼上总有声
1,为我杨老师打call！！
1,这才是教育部的初衷
1,哈哈哈哈哈哈哈哈哈哈哈哈哈哈哈哈哈哈哈哈笑出鹅叫笑死我了
1,我们只有文化课
1,我没想到我西高第一次上人民日报是因为这个
1,这课有条件要上，没有条件创造条件也要上。
1,lonely一出来，我就崩了
1,河南的中招体育考试，4.10号就开始了，满分70。能在家上体育课挺好的，现在要是不练开学后怎么办？河南学生不容易啊！
1,这样吗
1,本来刚才看了个微博感动的热泪盈眶，看了这个又笑了，我太南了
1,这是我老师，杨老师威武
1,哈哈哈哈哈哈哈哈哈哈，太逗了
1,老师说我也难
1,哈哈哈哈哈哈哈哈哈哈哈哈哈哈哈哈
1,哈哈哈哈哈哈哈哈哈哈哈哈哈哈哈哈哈，莫名可爱
1,哈哈哈哈搞笑
1,真的是这样，不过儿子班里是分组分段的老师们都幸苦啦！
1,笑死
1,哈哈哈哈哈哈哈哈哈哈哈哈哈哈哈啊哈哈哈哈哈哈哈哈哈哈哈哈哈哈哈哈哈哈哈哈哈哈哈哈哈哈哈哈哈哈哈哈哈哈哈哈哈哈哈哈哈哈哈哈哈哈哈哈哈哈哈哈哈哈哈哈哈哈哈哈哈哈哈哈哈哈哈哈哈哈哈哈哈哈哈哈哈哈哈哈哈哈哈哈哈哈哈哈哈哈哈哈哈哈哈哈哈哈哈哈哈哈哈哈哈哈哈哈哈哈哈哈哈哈哈哈哈哈哈哈哈哈哈哈
1,立卧撑！！！噩梦！！眼花缭乱但对立卧撑的本能恐惧使我认出了它！！！
1,自问自答，尬了一节又一节
1,笑吐了
1,数学老师今天体育老师生病了，我来上~
1,哈哈哈哈哈哈哈哈哈哈哈
1,扰民啊扰民！！！
1,哈哈哈哈笑死我了
1,我家楼上的小盆友天天在家打球录视频
1,哈哈哈哈哈哈哈哈哈哈哈那个啥，怎么平时体育老师都是身体不好！现在体育老师都能上网课啦！！哈哈哈哈哈哈哈哈哈哈哈哈哈哈哈哈哈哈哈
1,哈哈哈，我们体育课是体育舞蹈，所以我们是跳舞。
1,哈哈哈哈哈哈哈哈哈哈哈哈哈哈哈哈哈哈哈哈哈哈哈哈哈哈哈哈哈哈哈哈哈哈哈哈哈啊哈哈哈哈哈哈啊哈哈哈哈哈哈哈哈哈哈哈哈哈哈哈哈哈啊哈哈哈哈哈哈啊哈哈哈哈哈哈哈哈啊哈哈哈哈哈哈啊哈哈哈哈哈哈哈哈
1,哈哈哈哈哈哈哈哈哈哈
1,我家楼上天天都只上体育课？
1,哈哈哈哈哈哈哈
1,我儿子今天的体育课让跳绳，搞得我好想下楼和人家说对不起，不过我觉得人家不会给我开门的
1,哈哈哈哈哈哈
1,哈哈哈哈哈哈哈哈哈哈哈哈哈哈笑死我了
1,哈哈哈哈哈哈哈哈哈为啥我想上这种体育课
1,青海或将成为亚军
1,青海攒劲！！！
1,好消息！
1,特别想开学
1,加油加油想回校上学了
1,西藏治愈率100%！！！
1,鸡屁股要白了恭喜
1,这哥们儿还回来干啥  住西藏吧
1,奈斯！！！！
1,西藏西藏，全村希望！
1,牛逼！地图终于有一块白了！！！！
1,不求烟花三月下扬州，但求三月能下楼。
1,恭喜西藏！考了第一名！！
1,首个省份，100%治愈率，达成！
1,太好了，连着几天没人确诊，唯一确诊的还出院了，果然是圣地！！！
1,好好好好好好好好好！！！！
1,好消息好消息，希望好消息越来越多！！！
1,西藏归零了！鸡屁股变白了！
1,鸡屁股白回来啦！！！
1,棒！！
1,千里之外，万里挑一！！
1,太好了！！
1,中！
1,太好了希望会有越来越多的好消息加油中国
1,开心！！！
1,如艾瑞奈斯！！！
1,治愈率100%！
1,雄鸡屁股可以变白了吗？
1,鸡屁股好了
1,湖北也要加油呀！！
1,恭喜西藏吃鸡
1,希望有些人不要看到西藏没有感染的了就又往西藏跑！你可放过人家吧！！！
1,保持住啊心中的净土
1,考研张宇
1,张大哥:我不想回武汉西藏不！你想！
1,真好(✪▽✪)
1,治愈率100%了
1,原来之前就是这个憨批千里送毒啊....
1,要感谢这个病人，在西藏没有到处跑，到处吃，而是自己去看医生，保住了西藏这块净土
1,玄学和封建迷信是两回事，瘟疫肺炎肯定是有一个源头，就是肺，庚子正月流月的疾厄星象属金，顾名思义肯定源于金，对应人体就是肺，在正月很难消退，大家加油！。
1,玄学和封建迷信是两回事，瘟疫肺炎肯定是有一个源头，就是肺，庚子正月流月的疾厄星象属金，顾名思义肯定源于金，对应人体就是肺，在正月很难消退，大家加油！。
1,太好了，西藏不容易啊
1,庆祝这棵独苗儿（我天天瞅你）终于出院了，西藏的天又是蓝蓝的天！扎西德勒！巴扎黑！
1,不可原谅  因为旅游连夜点亮西藏  不可能不知道又不是老年人又不是没手机  就是抱着侥幸心理想出去玩  想离开疫区  说想逃离湖北是人之常情的我能理解请选择正确方式  选择四处奔波穿梭于各公共场合还去旅游的！(;｀O´)o滚
1,西藏天好蓝
1,奈斯
1,排毒就得从屁股开始！好兆头！
1,大喊一声哪里跑！
1,太好了！！！
1,西藏66666
1,恭喜西藏，开了一个好头。
1,放过西藏吧这回
1,这为兄弟原来是去西藏旅游的啊之前有人说是公司派去的好吧恭喜康复
1,去警局叭，交代清楚，目前回不去湖北了
1,兄弟，你要被载入屎册了。
1,只有一例，出院了，广东现在有几百到差不多一千例，出院也有上百例啦
1,真喜欢这样的好消息，希望不久以后能看到全国最后一例患者出院～
1,太棒了！西藏依然是净土！！
1,全国又有一处变白了，无感染了
1,呀，恭喜这位vip。其实藏区医院多年收治高反病人，对呼吸疾病，肺水肿等都有不错的技术和完整的医疗设备，氧疗也很不错。
1,接下来都会好起来的扎西德勒
1,希望好消息越来越多！！！！
1,羡慕
1,据说当时是出差
1,之前是鸡屁股最后黄了现在从鸡屁股开始面向全国就白了
1,西藏退出了群聊
1,西藏说我仍是一方净土，欢迎疫情过后来西藏旅游
1,西藏
1,这小崽子就该抓起来
1,让他滚快点
1,恭喜西藏跑毒成功！
1,太棒啦，西藏可以白了
1,感觉西藏的医院可以放假了
1,张某某，快马加鞭赶到西藏，点亮了中国最后一片净土
1,离开吧对谁都好
1,带病回乡不肖儿郎  传染爹娘丧尽天良
1,让这些故意隐瞒的最好是自费医疗，然后上征信
1,判！必判！
1,这样的失信记录要保存！对这样的人！一定要让他们知道守信的力量！
1,让你皮
1,故意隐瞒疫情或故意传播病毒者，根据《中华人民共和国刑法》第一百一十四，一百一十五条第一款，涉嫌（以危险方式危害社会公共安全罪），最高可处死刑！
1,日尼玛！（此评论虽然才三个字。但语法严谨，用词工整。结构巧妙，朗朗上口，栩栩如生，龙飞凤舞，可谓言简意赅，足见评论人扎实的文字功底，以及信手捏来的写作技巧和巧夺天工，鬼斧神工般的创造能力，令人佩服佩服，再加上以感叹号收尾，实在是点睛之笔）
1,公示的好！让大家都瞅瞅这些自私自利的人！
1,这种人应该抓起来判刑，又蠢又坏
1,真是搞不懂那些刻意隐瞒的人、隐瞒最终会伤害自己以及家人们和那些无辜的百姓
1,330，420是什么地方的？
1,带病回乡不肖儿郎  传染爹娘丧尽天良
1,行走的丧尸！！！就应该按处理丧尸的办法处理！
1,这个时候就不是“你们湖北人了武汉人了”我想表达的意思是跑的瞒的不分地域不要觉得跑的都是武汉人湖北人他们都是人人里面的不太好的一类少地域黑
1,如果对不起有用的话这个世界上要警察干什么呢，建议判刑！
1,别害人害己！
1,此招甚妙
1,特殊情况下，尽快立法！专门针对这类人！这些人虽然数量不多，可危害不小！国家投入那么多，不能因为这几粒老鼠屎坏了全国家的大局！
1,这种人就不配做人
1,隐瞒病情对自己没啥好处呀……
1,怎么总有这种憨批
1,都tm2月份还有这种憨批瞒报谎报对你们有啥好处呢   如果最后真把把亲戚连累了你们哭都没地方哭去  医学观察能要了你的命吗
1,支持支持，隐瞒拉入失信
1,必判
1,皮金金真滴皮
1,呵呵有些就是村级领导为了邀功形式主义上报的自己没安排好最后还要村民背锅
1,皮金金够皮的
1,没诚信之人，包括银行贷款都应该加入黑名单
1,对于瞒报的不但本人纳入失信名单，子女也应该纳入名单，提高犯罪成本！
1,大家都在一线拼命救人你倒好来隐瞒害人害己祸国殃民
1,这些人就该公示出来！！但是不好意那个叫皮金金的我看到时笑出来了
1,气死了这种人
1,皮金金？霍建华？
1,hbzf隐瞒呢？
1,录入个人征信档案吧
1,应该是入档案了。这样自己、亲属、后代都不能考公、央企、入党、评优了，教育医疗也会受影响，啧啧啧，真棒
1,弄不领情的几个东西
1,你有理由瞒报，那医院选择不医治可不可以，这种人真的是气死人了，mmp
1,哈？不明白这些人瞒着做啥
1,拘留7日，罚款200太轻了，说句不好听的，他们算是杀人未遂
1,能否建议他们自费医疗
1,求求你们看看甘孜道孚县，一个人口不到5万的小县城就已经30多确诊的了。道孚是高原，医疗条件差，物资少，如果这样发展下去会非常可怕。
1,杭州市民觉得罚的太轻
1,愚蠢至极
1,最早隐瞒疫情并训诫知情人还不让散布实情的政府官员怎么处理，没有他们也不会成现在这样
1,这公告可以必须给大拇指
1,害人害己天诛地灭
1,害人害己必须严惩吧
1,隐瞒病情，害人害己，过街老鼠，人人喊打
1,隐瞒的都是想死了
1,【别再害人害己！】根据《关于在新型冠状病毒肺炎疫情防控期间将个人隐瞒病史等行为纳入失信监管的实施意见》，杭州公布疫情防控期间存在隐瞒病史等情况的失信名单。以下人员在疫情排查期间存在隐瞒或瞒报情形，逃避医学观察的行为，公示一年↓↓千万别隐瞒！
1,不孝儿郎，
1,皮金金，不好意思我笑了
1,看到了3301开头的身份证号码！真是给自己家乡丢脸的家伙
1,隱瞞你媽媽呢
1,建议枪毙，立刻执行
1,素质真差，逃避什么？有病就治，没病观察，有什么好隐瞒的，脑子跟常人长的不一样啊
1,硬核操作支持！
1,这些人因为一己私利，传染一大批人，至国家的利益于不顾，至医护人员公安民警的危险于不顾，真的还有良知么
1,瞒报的都是罪人，不管是谁
1,该！这种时光还有这种雾头！
1,惩罚太轻了啊，那些隐瞒还乱跑的，应该重罚
1,该！大力推广！
1,隐瞒人传人事实的应该判多久
1,能有全国黑名单不
1,公示一年呦。
1,真的不知道这些人怎么想想死也不要害别人吧
1,好
1,自己活够了，能不能不要拖累别人，别人可惜命
1,搞不懂为什么要隐瞒有病早治疗不好吗
1,发国难财的都该死
1,460万只？
1,直接死刑好了
1,这次疫情让我们见识了人间百态，各种黑暗和各种奇葩
1,这个时候大发国难财的通通关起来
1,能制作这么多假口罩骗钱不能做点真口罩直接赚钱呀，是不是有病呀
1,有病吧，什么时候了
1,图一这个假口罩，我也买到了，我买了五个，还挺高兴的分给了缺口罩的朋友亲戚四个，结果最后发现是假的根本用不了，真的特别气
1,能确保真正补贴到个人手里吗
1,我和先生都是医生都在一线，我们小区都还好，进出监控点执勤人员还会说一声  辛苦了  感谢您  什么的，听得人心里暖洋洋
1,我希望这样的贴心可以一直坚持下去，其实临床的医护人员一直都是很辛苦的，希望国家经历此次疫情后可以重视医护工作者的诉求中国加油
1,辛苦了就快点好好让他们休息休息我不想三天两头看到劳累猝死的新闻了
1,加油啊英雄们！保护好自己！
1,辛苦啦❤
1,致敬!!!
1,辛苦了！祝你们平安！
1,还有流产10天就重返一线？怀孕9个月在一线？十几个人断奶上一线？？这都是什么操作？？
1,物资如何保证也不说，红十库存还有多少也没公布，补贴多少也不说。请你拿出具体的措施步骤，万一你只说不做呢。
1,辛苦了辛苦了
1,你们辛苦了，
1,辛苦了
1,玄学和封建迷信是两回事，瘟疫肺炎肯定是有一个源头，就是肺，庚子正月流月的疾厄星象属金，顾名思义肯定源于金，对应人体就是肺，在正月很难消退，大家加油！。
1,一线疫情防护医护人员才是国家的脊梁，不能让他们流血又流泪
1,向奋斗在一线的医生护士致敬，谢谢你们！
1,借此机会，给医务人员实施高薪，医务人员正在给我们挡护病毒！
1,保障呢？就匆匆签了个表，给点医疗物资才是最实际的！我一个N95口罩从初二戴到今天，关卡执勤的基层医务人员不是医务人员？
1,只希望通过这次疫情，医务人员收入能有所提高，至少能让付出和收入平衡！
1,以后请尊重医护人员不要再出现伤医事件了！
1,我只希望不要下了夜班，走到家门口了告诉我从哪来的回哪去不让我回家
1,确定吗？我老公就是一线医生，我这个民办学校教师，生完二胎却被学校约谈希望我主动辞职？确定这些政策可以惠及我们这些医生家属吗？确定吗确定吗？坐标广州市海珠区哦。
1,一线警察求求您关照一下吧，
1,想把尽量两个字去掉
1,我觉得应该立法，有袭警应该也有袭医
1,我们也是定点发热医院，我们这里没有确诊病例，连上了两个月班，到现在没有休息过，上面领导说你们医院没有确诊病人，所以没有补助
1,一线好多医生护士都顶不住了，上班两周就达到高峰，心里和身体都需要休息，希望能引起重视。
1,我们也是一线，没得补助的一线。我们是药房工作人员，从疫情发生的那天起就没休息过，每天接触来买药的人不知道哪一个是带菌者。还要面对各种投诉，口罩贵了，药品贵了～～我们又没涨价，我跟你们一样呀，也要花这么多钱去买。现在我们好的，贵的口罩都不敢拿出来销售了，生怕被投诉。
1,先把防护服和防护口罩发足，保证一线医务人员健康再说吧
1,做点实在的吧，提高医护工资待遇，足够的医疗物资供给，胜过一大段不切实际的文字
1,医院的工资绩效不下调就好了，一线真的很难，平时医务工作者真的很辛苦，危难关头更是义不容辞，从未想过退缩。
1,我反应福建省落实不到位我凑你吗
1,吐。大部分上前线的是下级。领导站背后指挥
1,国家早就应该出台一些政策了，而不仅仅只是因为这次疫情！人家拿命去战斗理所应当的，不要让医务人员寒心，更要让他们没有后顾之忧才能更好战斗。
1,后面的保障呢？如果生病了呢？后遗症呢？非典的时候，可是有人影响了一生哦
1,疫情时期是医护人员冲在前线，与病毒搏斗，与死神赛跑，他们是特殊的战士，是我们最可敬、最可爱的人。
1,辛苦了白衣天使等疫情结束我们全国人民一起举国同庆那个时候所有一线人员和人民一起欢聚庆祝才是真正的新年
1,我们医院别说补助了我们每天要面对不一样的病人一天只给我们发一个口罩
1,在二甲医院干了快八年了     啥保险也没有  就一个月基本本工资一千     编制人员是我们的好几倍    当疫情来临时   我们依旧都在一线     只想说对我们好一点
1,这个时候上班的一线人员都应该如此警察、街道、社区、护士等，不管他们是不是正式或者临聘，都应该享受“国家保障”。因为她们的努力，病情才得以控制。
1,双职工应该回家一个吧
1,爹妈都在一线，带2岁的妹妹带的我要疯
1,医院员工楼连出门证都不给办，超市没有出门证不给进，连菜都买不了保障啥医护人员生活哦
1,第五条用脚趾头想想也知道不可能
1,给你们医护人员买点卫生巾吧
1,一线的医护，感受到了全国的爱了。
1,辛苦了
1,都要好好的
1,光说不做假把式。别闹。一一落实自然有人叫好。某会拘着物资不放。一线医务人员用垃圾袋当防护服。挤出时间自己做口罩。当地某类人士开着专用车心安理得去拿救命的物资自己用。伤医事件多次发生。解决方案却寥寥草草。鲁迅先生怎么也想不到他为之弃医从文的中国现在成了这幅德行。
1,为什么那么多人黑中医？？？因为中医便宜又有效动了药商的利益所以药商们沆瀣一气花钱黑中医你看中医黑过西医吗？根本没有因为真正的医生都只想救人人救回来就行不管中医西医都是治病救人
1,热血逆行者，好样儿的！
1,一定要照顾好自己啊啊啊啊啊啊啊啊啊啊啊啊啊啊啊啊啊啊啊啊啊啊啊啊啊啊啊啊啊啊啊啊啊啊啊啊啊啊啊啊啊啊啊啊啊啊啊啊啊啊啊啊啊啊啊啊啊啊啊啊啊啊啊啊啊啊啊啊啊啊啊啊啊啊啊啊啊啊啊啊啊啊啊啊啊啊啊啊啊啊啊啊啊啊啊啊啊啊啊啊啊啊啊啊啊啊啊啊啊啊啊啊啊啊啊啊啊啊啊啊啊啊啊啊
1,最帅的脸
1,祝医院早日关闭
1,都是同龄人，而我却在家里抱怨疫情为何还不过去，惭愧自责呀！
1,致敬！！！我们年轻人的榜样
1,林宇wow
1,一定要平安。你们是英雄
1,九零后零零后已经携手踏上战场保卫我们热爱的祖国了
1,这才是明星，需要追
1,辛苦啦每个人都要凯旋而归哦
1,辛苦了
1,请直接文件发给各级领导。老师也只是听要求做事情。家长不乐意还得找老师，老师太南了。
1,为什么不上课？拉大差距？好学生不用管，差学生没人管？不上课，学生就不玩手机了？应该严禁那些形式化课程，严禁要求学生打卡，家长打卡，愿意分享日常可以分享，严禁教育局和学校以各种名义要求老师截图、拍视频佐证，为了学生授课，不是为了你们的仕途授课，讲一节课发三次工作日志，形式主义！
1,请河北抄作业！！！
1,我就想问问，马国强领导，哪里来的依据和自信说武汉排查了99%，难道我和我的朋友那么多都是那百分之1%里面的吗？
1,城里有钱人没事找点野味吃，家里有网不愁上网课，那我们村里孩子呢，成心毁俺们这些穷的家庭是吗，我们每个村里的考出来都不容易，多少村民的希望，直播我们怎么看？难不成我们鱼死网破吗
1,河南来看看啊
1,要不在家里玩半年延期毕业咋样
1,外省的不需要酸了，这条说的是，不得以任何形式上新课，上新课!重点。所以我们学校第一周可能是线上讲寒假作业。
1,能不能让其他地区也执行这个规定，孩子每天网课上的，眼睛疼，视力也应该是下降了，在这样上，会不会瞎啊！！！
1,发现问题解决问题
1,我怀疑不得病的也得了，封闭空间
1,应尽快分开隔离，而不能继续在邮轮上
1,个人建议。赶紧下船。哪怕在野外生存。也比船上安全。
1,这事儿完了以后，《钻石公主号》，可以弄一个灾难/恐怖电影了，没准比泰坦尼克还火。
1,可怕
1,一场“战疫”透视出政权管理者的优劣，谁在认真管理将人民利益放在第一位，谁在偷懒耍滑说假话掩盖事实真相一目了然。“时代的一粒灰，落在个人头上，就是一座山。”盘之感曾说过，一个需要英雄的国家，是不幸的！这场疫情必将过去，但仅止于哀悼和忏悔是不够的，我们必须反省而且希望英雄越少越好。
1,没事，可防可控，有限人传人
1,赶紧下船隔离吧，会比封闭式空间更好的防御和治疗，船上太多老人家了……
1,为什么要在船上隔离？转移下来隔离不行么？或者再弄个船、把疑似的和确诊的分开。
1,该
1,医院和警察交接
1,正常人最起码从24号开始就已经不出门了，那些说正常生活轨迹的，疫情可能就是因为你们才看不到拐点，醒醒吧
1,为什么还能想去哪去哪，不是很多地方都不让串门了吗？
1,为什么要乱跑了？不懂了！故意的？
1,22号以后还那么喜欢走动还接着走亲戚无语
1,浙江大多数人很配合，就是总有那么几颗定时炸弹，真是醉了！
1,到了慈溪又到余姚瞎跑这真的是害人呀
1,这人怎么还串门……
1,他亲戚都得恨死他了…还有馄饨店主…
1,22号以后还那么喜欢走动还接着走亲戚这是故意的吧
1,国家都是为我们着想，希望下面严格执行
1,全国大部分口罩都被政府征用支援湖北了，湖北目前统筹了多少？使用了多少？缺口多少？有数吗？企业什么时候在哪里可以买到？既然政府统一统筹，那么请政府街道居委统一协调筹集并派发口罩给企业吧！不然叫企业怎么执行？        
1,感谢奋战在一线的所有人，你们辛苦了！
1,我们这边就是村子封了，村里拒开证明，高速路口也封了，去不了机场，在外地工作的严重影响返工，实际上已经工作第3天了，仍然是出不去，希望能够重视一下
1,想问这种情况下的假期怎么算，还有在家也不能影响工作，那算不算考勤
1,扩散！扩散！
1,希望新增一直减少
1,这次疫情过后希望国家做几件事:  1-永久禁止野生动物买卖；2-加大基层医疗机构建设，提档升级(如:武汉几十家三甲医院，其他地区只有一家)；3-中央严查重要官员及干部的工作作风问题；4-普及基本医疗急救知识，纳入义务教育阶段；5-提高医疗科研经费，加大培养尖端人才建设。6-……
1,国家各项政策已经保证了我们的利益，但我不相信企业能够做到
1,都买不到口罩怎么派发？
1,强烈要求免除小微企业公司的房租和物业费❗
1,全国人民一起加油，众志成城万众一心
1,机场在隔壁的市区，但县城村镇封了，高速路口也封了，买了机票但根本去不了机场，严重影响外地工作人员返岗，不能按规定返岗工资没了，但房租房贷一个不落……我只想顺利去机场呀。。。。希望这种境况能被重视一下。
1,一起加油没有过不去的坎  
1,这是怎么回事？
1,我已经连续工作20多天了
1,中国加油
1,什么是村里硬封路，有急事想要外出十分钟，低三下四不给开证明，封路封村不封情，太寒心了。
1,我想问一下福州不让外地身份证的人下高速是合理的吗本人是常住福建只是外地户口
1,武汉14号复工，看看我们吧
1,有些员工无任何出错，被告知这个月突然被辞退的员工，怎么算?年终奖怎么?这种情况怎么解决?
1,我们小区现在比飞机安检还严格，必须要出入证才能进出，办理出入证必须要复工复产员工才能办理，不能上班的门都不能出。出去就进不来
1,重复隔离规定一下
1,湖北高速还是封着，说开什么证明可以放行，结果给了个永远打不通的咨询号码。形式主义还不够吗？
1,学校要求学生准备30个口罩，孩子所在班级一千八百多人，学校初中部高中部粗略计算需要三十多万只口罩！不是不想买口罩，而且现在普通民众真的很难买到口罩，而且现在抗疫一线也需要口罩用啊。太难了
1,请政府媒体多关注一下武汉百姓！别总是正能量，适当的揭露才是对百姓最大的保障！
1,这种时刻政府还能想得如此全面，挺好的，尤其是学生方面的
1,没收入怎么还款啊
1,我们县里私家车不准在县城内上路，又不是疫情的重点区域，真的没必要这样做
1,求严格规范不要挖断阻拦农村道路，出不了门，买不到菜，普通感冒药也没人敢卖，下面农村都乱了。
1,出城需要去医院做全面检查，需要办理健康证，孕妈产检都不敢去了，不办健康证，又不能走，太难了
1,出城需要去医院做全面检查，需要办理健康证，孕妈产检都不敢去了，别说健康证了，真心怕交叉感染啊
1,惠民政策
1,明白！！
1,好的
1,一切都如此快，如这一刻不停、飞流直下的山泉；一切又都如此慢，仿佛我的眼睛终于适应了光亮般，适应了这里的悠闲，看清楚了生活的本来面目。——陶立夏《岛屿来信》​​​
1,兴，百姓苦。亡，百姓苦。
1,众志成城，对抗疫情
1,第八条要说一下我们这边就村子与村子都封了，村里拒开证明，连出门去超市买些菜都限制，高速路口也封了，去不了机场，在外地工作的严重影响返工，希望能重视起来
1,谢谢医生们，说不出的感情!中国加油!希望特效药快点出来
1,中央还是中央！相信国家！相信党！看见这些政策，好感动，大家都辛苦了，我微博几乎从不评论，可是看见这些，真心感受到祖国的强大，我们一定会打赢这场战争的！大家一起加油！
1,被隔离的氛围越发浓厚每天都在问跟谁谁谁接触了没…这个世界太危险了快让我们回去自我隔离吧
1,希望我们能发口罩在劳保方面多发一样理所当然的  上面领导就跟偷了他家东西一样
1,诊所全关门，我打针都打不了，政策真不错！
1,中央政策是好的，一层层下来就很难落实了
1,为什么只给学生免退改签啊我们反工同样需要啊
1,最后一条3月31
1,到处都在封路，想回家都很难，小地方根本不听指挥，直接劝返什么的，有的人几千公里开车回来，检查正常却不让进城，希望赶紧强制要求地方不要搞这种懒政！
1,新政策
1,哪有那么好延期，反而那些房贷和那些贷款，你又想拿工资又不是国企的，一般私人的企业哪有那么好？想玩又有工资。
1,温州我连厂都没开，各个路口都被封。拖拖拉拉要等到四月份了，刚好那个时候是淡季时间，一年不开工了。唉，温州本来鞋厂都是一年忙半年的。上半年做两个月，下半年玩两个月忙两个月就玩两个月。再不开工我都要饿死了，被赶出去了。
1,企业买不到口罩？怎么下发？？？？
1,复工了
1,扩散周知！
1,好的，早
1,中国加油
1,疫情人数往下降了，这是个极好的消息
1,你倒是给企业一个购买防护用品的地方啊！
1,国家一直在做，各地政府能落实到位才行！
1,因为这场疫情，我失业了
1,疫情所带来的影响，覆盖生产生活的方方面面，对中小微企业、普通工薪阶层以及本就生活困难的家庭都将带来巨大的挑战。大义当前，诸多金融机构及时调整了借贷还贷政策，对受疫情影响不能正常还本付息的贷款借款企业及个人，按照相关规定给予了合理的延后还款期限，这有利于共抗疫情，共渡难关！
1,企业要为员工配发口罩！！！可买不到啊！真的买不到！
1,政策挺好的，反正算计不过单位的各种理由，羊毛出在羊身上
1,我就想知道口罩都去哪了？药店，工厂说被政府征用了。政府说让企业自己买。我们HR都该死。武汉定点医院都尚且拿介绍信领物资，够前线了吧？有人考虑下面人的物资来源吗？话都会说。
1,依然强制封路的怎么办，请问这个事情和谁反馈啊
1,我姐卫生室的，就分了两个普通医用口罩，口号不错，实施不存在
1,求助！占用个微博资源，可能消费者都不信，作为一个商家因为待发货太多破产。拼多多平台规定在2月12完成发货，一边是政府严格管控疫情，封村封路，一边是平台要求发货，规定时间内不发货一单处罚三元，处罚后还不发货一单处罚十元有相关部门管理吗？希望发不了货的商家自觉转发
1,现在每个地方都封闭管理，都隔离好几天了，如果达到14天的当地部门开证明，允许出门。减少到复工地重复隔离。全社会分离健康和疑似人群。当时全封城封小区，就要给每家每户建健康档案，以为以后复工做准备，减少重复隔离时间，能更快更加安全复工复产。档案如果个人隐瞒，将列入失信人员，后果自负。
1,虽然我们没有口罩！但是我觉得我们国家一直在进步❤️❤️我很幸运在我们的国家！
1,我们村道，县道，设了无数个隔断，档死，让高速口，送出去上班完了还回不来了我就无语了，出去两个小时高速路口就封了
1,太好了下两千了
1,确诊依据改了，阳性无症状不萌确诊。
1,当日新增临床诊断病例4890例，现有临床诊断病例10567，临床诊断是什么意思，是做CT而没做核酸的意思吗
1,为复工造势，意思说可以复工了？
1,临床诊断是根据影像学检查、临床表现来定的，确诊应该是病原学或者是病理学诊断。
1,想到二月中下旬又有大爆发就愁啊
1,鄂州市仅108万人口却有861例，约有一半的确诊病例集中出现在城区的两个街道（凤凰街道和鼓楼街道），尤其凤凰街道截止到11号有280例，重灾区！！！鄂州城市小，医疗条件差医疗水平落后，防控形势严峻，希望得到社会更多关注！！！谢谢大家顶我一下
1,能问一下  最后的新增临床诊断病例4000+是什么意思嘛
1,新增在减少了加油！
1,就想知道实际数据，如果是真的那就更好了
1,新增病例下降了，说明中央指导组关水龙头起作用了，但危重症和重症病人每天在增加，湖北前天5千多人，昨天是6344人，今天是7241人，值得高度关注，呵呵。。
1,希望越来越少！
1,下面有个临床诊断是什么意思啊？是说拍片显示肺部感染就不做核酸检测了？如果是这样，形势还是好严峻啊
1,孝感镇上昨天才开始小区封闭
1,看到曙光了！越是这个时候越要做好自我防护！加油
1,当日新增临床诊断病例4890例，这个当日新增临床诊断是什么意思阿...
1,谁能给我科普下，临床诊断病例是指什么？谢谢
1,临床诊断病例是啥…
1,加油！！！！！！！会好起来的！！一定会！
1,太好了，新增病例越来越少，疫情结束指日可待
1,之前确诊病例里面是不包含临床诊断病例的，因为ct诊断上了热搜，才增加了这一项公开给我们看吧，
1,这不是94例死亡数据是94个破碎的家庭
1,好了，武汉十四号可以复工的节奏啊
1,天天不睡等到这个点，今天是真降了
1,武汉14号复工？有知道吗为什么还没发通知
1,我现在比较担心的就是昨天黄冈查出来的13000个发热病人会有多少确诊的
1,少了   加油中国
1,好了，数据降了这样湖北2月14可以复工了，某些zf真不把人当人看
1,湖北省增加“临床诊断”分类。“疑似病例”标准修改为无论有没有流行病学史，只要符合“发热和/或呼吸道症状”和“发病早期白细胞总数正常或降低，或淋巴细胞计数减少”这2条临床表现，便可考虑为疑似病例。相当于疑似病例标准放宽了。疑似病例具有肺炎影像学特征者，为临床诊断病例。
1,我们河南人数下降了六天，不过省委说不能说明什么，还要接着等。
1,这些数据，看看就好，安慰人的～  辛苦各位领导，在一线的医务人员以及受苦难的人民群众了！
1,鄂州市仅108万人口却有861例，约有一半的确诊病例集中出现在城区的两个街道（凤凰街道和鼓楼街道），尤其凤凰街道截止到11号有280例，重灾区！！！鄂州城市小，医疗水平落后，防控形势严峻，希望得到社会更多关注！谢谢
1,好了好了，数据也下降了，可以复工咯
1,我猜测临床诊断是指连ct都和血氧检测恐怕都没办法做。又回复了一次，前面的不知道为什么找不着了。感觉武汉包括整个湖北的连辅助资源都已经用完了。
1,确诊1600加临床诊断4800。合计6000多，数据还是很吓人呀！
1,人数减少也不能大意，形式依然严峻
1,新增临床一万多？
1,新增临床诊断4890例，数据越来越细化了，这是好事，公开的越细，民众越安心，不至于各种传言乱飞
1,都不敢相信湖北的数据！但愿是真的降了
1,希望数据是真的，越来越少
1,我猜测临床诊断是指恐怕是连ct血氧检测都没有办法做
1,为了早日复工为了经济也是操碎了心了，但是有些时候鱼和熊掌未必可以兼得。病源都没找到，解药都没出现，国家拖着带病的身体工作，能早日康复吗。
1,每天清晨都希望看到湖北确诊人数降低的新闻，这十多天从震惊到心痛到麻木。当真的看到人数降了，却开始怀疑新闻的真实性。这一次的舆论，算是凉了普通人的心，想知道最真实的数据，不希望被欺骗
1,武汉什么时候下一千就好了
1,武汉14号要复工了，可是这个时候能复工吗？？到时候又是一波大爆发，请发延迟文件！
1,新增临床诊断病例4890例……这个太多了吧
1,“当日新增临床诊断病例4890例，现有临床诊断病例10567例”，为了数据好看这些都不算了，我也是服了
1,少了少了
1,加油，热干面
1,麻烦看看潜江吧，病死率最高，每日公布的信息又少，市民完全不知道真实情况怎么样
1,越来越好
1,看看河南吧已经好多学校准备17号开学了我们快成为第一个送人头的学校了
1,两千以下了！加油
1,湖北每天新增2000例以上患者，每天死亡100人左右的肺炎患者。太可怕了。湖北没有2020这一年是缓不过来了
1,孝感的存量7号就清了，这几天都是增量，每天都是100多，没有下过三位数，这样下去怎么办呐
1,可别为了赶紧复工在这种地方耍小聪明啊
1,人民日报也喜欢玩文字游戏
1,什么是临床诊断
1,真好
1,恭喜恭喜
1,这是好事！！
1,恭喜
1,武汉快道歉！
1,杠中医的这位，德国有中医，药材没那么全。看中医保险不给报，但看的人不少。看的都是些慢性病。
1,加油！
1,能不能管控一下黑龙江？死了这么多人？！领导办事不力百姓遭殃！！！！！！
1,  是当年的“红小兵”变老了？随便闯入别人家里肆意打砸，杀死无辜生灵！真正应该对这场疫情负责的恰恰是这类社会渣子！杀害无辜生灵和乱吃野生动物又有什么区别？小心大自然的报应！
1,有什么可问号的，中医的确在这次疫情中发挥了很大的作用啊
1,中药挺靠谱的。不靠谱的是很多中医
1,看看山西的痊愈率，再看看我们山西吕梁的治愈率几乎100%，基本靠中医药，老祖宗留下的医学文化确实值得传承，全国推广吧。
1,看来中药还是有效果的。
1,不知道为什么那么多人黑中医，说实话，你们了解中医吗？
1,关注一下永嘉打狗的事吧
1,作为中医学生，太激动了
1,？
1,？？？
1,听国家的吧别对中药反感这么大嘛这不是在研究嘛不管中药西药只要能治病都是好药  难不成键盘能治好？
1,不管中医西医，能治好病就行
1,中医黑又要开始无能狂吠了吗
1,有的病需要教育来治。
1,发你
1,？？？什么操作？？？
1,？？？
1,西医说新冠状病毒无特效药为什么大家都信，中医说治疗效果高达90%偏偏没人信。
1,大中医一定是有效果的
1,老子就要发问号❓❓❓❓❓❓❓❓
1,能够提升治愈率就好
1,又有多少喷中医的会出来了
1,既然中药有用怎么就不能用呢我不明白？？？你这么知道那你来？你看看这个病怎么治不然？
1,广州中医药大学第一附属医院对抗SARS的时候中药疗法实现0死亡、0转院、0感染、0后遗症。全部有记录可查，希望中央大力推广
1,又来拖后腿……
1,不管你们西医还是中医，谁先把特效药搞出来谁就牛
1,…
1,中医要深入研究和发扬啊
1,看看武汉和浙江的救治过程死亡病例人数就知道他们采用的救治方法是有很大问题，中医在武汉的救治参与率才30%多一点，浙江采用中医为主，西医为辅。看看他们两个的数据对比，一目了然。武汉感染32994人，死亡1036人，浙江感染1145人，死亡0人。相信不是眼瞎的人都看得懂这组数据。
1,支持中医，切生体会中（成）药有用，但也碰到没开对处方的时候，得结合西医诊断技术，配合中医对症治疗。
1,手动
1,其实和尚道士也能有点用，开个光驱个鬼，安慰剂效果也是杠杠的。
1,我大中医要崛起了嘛，以前看到的总是中医的负面消息，好像传承了五千年的精髓都是“包治百病”的糟粕一样
1,之前一直以为某乎是个理性的地方，知道我看到了中医黑，才知道真的有人是可以睁眼说瞎话的
1,没必要吧？占用大量医疗资源，投入大量人力物力，还是应该集中力量办事啊，关键时刻做无用功会耽误事的，就算平时这些也占用了大量的医保资金，要靠多少青年人的劳动才能填上？对，我说的是西医，我们中医5000年验证了，不想和你们西医结合，让你们摘桃子
1,终于等到这个消息了～
1,加油啊
1,能不能专业的人干专业的事
1,中医药加油，努力挖掘祖辈留下来的宝贵财富！
1,中医为国家做贡献的时候到了
1,能治病不就是好事打问号干嘛
1,终于有定论了，中医药介入，希望很大
1,我的看法是，有的中药不但能抑制病情，还能提高人的身体机能，提高脏腑的功能，增强人的抵抗力和免疫力。主要是要有好中医。说实话，培养一位医术精湛的好中医真的很不易。有的只学了皮毛就出来卖弄，结果成了黑中医。以前我爸得肝癌就是中医号脉号出来的。而且判断八九不离十。后来又做了西医检查确诊
1,建议全国推广，全国应该按自己各地区情况灵活制定时间
1,河南呢？？？？一直在模棱两可的干什么
1,广西抛弃了河南河南成功夺冠。
1,求求快开学吧让考生怎么办啊
1,写的是3月前不开学！不是三月底前不开学！大家看清楚了，很多省都是这样的！
1,桂工，我想你了
1,我们学校正常开学也是三月之后，所以我现在内心毫无波澜
1,你醒醒吧兄弟！！！！
1,毕业狗
1,高三想开学啊
1,广西高三狗
1,广西的高三真的很想去学校！！！在家根本学不下去，就算学下去效率也很低！！啊啊啊啊啊啊啊啊真的好想去学校啊啊啊啊啊！！！！！！！！！！！！！！！！！！！！！！！！高三哭了
1,高三狗哭死在角落。。。。。还是让我滚去学校吧。。。。不想上网课直播了，啊！！
1,这样的话我的暑假岂不是糊了
1,为什么啊为什么啊
1,高二学
1,我不想上网课啊！服了，大学还有网课的
1,唉
1,高考生要怎么办回去只有九十多天了
1,我想回去啊，我想嗦粉，我想吃广西美食
1,广东外语外贸大学3月23号开学…
1,高三哭了
1,很可笑的是我们国家学生该学的生物和政治知识放网上分分钟是非法有害信息
1,前天班主任告诉我们了让我们退票我从来都没有那么渴望过开学
1,山东学生！
1,为啥河南不再延迟呢
1,今年学生们应该都想早点开学了吧
1,山西动一动
1,广西学生来啦
1,你要说武汉不好，我跟你急，但你要是说武汉f4不好，对不起，我们是兄弟
1,广西超棒！！！！
1,想工作
1,陕西3月2日
1,其实我真的觉得国家已经做的很好了。几千个亿免费给治疗不需要你花一分钱  每天不重样的给医护和病患搭配三餐   全国加一起已经开除700多个监督不到位的
1,建议以后把SARS和新冠，都写入小学教科书，从小教育孩子们要懂得敬畏！
1,建议全国人大修改《刑法》、《传染病防治法》相关条文，对严重失职渎职、导致传染病传播或者流行、情节特别严重、给国家和人民造成巨大危害的，大幅度提高量刑标准。   ​​​
1,广西桂林，还有餐馆菜单上有野味，我拍了照片，艾特了广西的相关部门，但是影响力不大，没人管。我微博第一条就是，骗人死
1,吓到便秘
1,这个病毒真的太狡猾了太可怕了…
1,那放屁会不会传播
1,这说得很含蓄了，要引起重视
1,求人民日报爸爸关注浙江省温州市永嘉县金溪镇黄山村2月12号把狗活活打死事件，官方回应是有疫情出现，要把当地的野狗，流浪捕杀。请问猫狗能传染新冠病毒吗，人类和动物的平衡还要破坏吗，把动物打死就可以解决问题吗？！希望有关部门严查，否则绝不会放弃向上反映！
1,粪便中分离出活病毒，还要继续观察会不会通过粪口传播。粪口传播，简单的说，就是大便中有活病毒，如果卫生没做好，就会通过没洗干净的手，或水源、苍蝇等污染食物，再传染给更多的人。
1,替其他地区问问那下水管道和地下阴暗脏乱处的蟑螂到处活动时会携带传播吗
1,夏天蚊虫叮咬会传播吗
1,不是早就被证实了吗我记错了？
1,这个病毒
1,因为你的这个可能，已经有公安机关在活活把狗给打死了，理由就是因为张挪富说粪便中也找到了病毒！注意！是公安机关打狗！！他们是理解水平有限？？希望别因为无知愚蠢在牵连无辜的动物了。别再造孽了！！！！！！！！
1,我只想问蚊子叮会不会传播这快有蚊子了
1,蚊子叮咬有没有可能会传播？不懂想问问。
1,感谢一线医护人员、政府机关人员、军警科研人员、媒体工作人员、快递外卖小哥、环保环卫工人、社区和村口等防疫人员，你们辛苦了！你们拼命守护着每座城市辛苦了！目前最想看到一条新闻新型冠状病毒成功得到控制，再无人员感染，保护好自己和家人，我们众志成城万众一心攻克疫情！中国加油！
1,放个屁，如果有人吸进去了，会不会也造成感染？
1,不上公共厕所，还要确保你那一栋没有确诊和疑似病例哈，所以集中隔离最重要
1,农村的旱厕可咋整
1,这年头连个病毒的业务能力都比我强
1,看评论看的太累了
1,不知道蚊子会不会传播，我家已经有蚊子了
1,一栋楼里有人感染，下水道里的粪便会不会通过气溶胶传播给楼栋其他人？不排除吧
1,只希望疫情早点结束，口罩买不到，出去带一天脸上已经过敏了，每天还要胆战心惊的真的煎熬
1,为什么现在还有人随地吐痰和口水？
1,感觉这个病毒在和人类斗智斗勇，躲猫猫呢
1,应该把这一次瘟疫写进我们的教材！
1,最害怕地下水污染，还有卫生不好的地区蚊虫叮咬
1,一场突如其来令人猝不及防、严重危胁社会公共安全和人们生命健康的＂冠毒＂疫情掩面袭来。在遭遇冷不防一巴掌时、也印证了一句有些讽刺意味的老话；塞翁失马焉知非福！在被＂意外＂提前触发的十面埋伏病毒袭击之下同时、也引发了一场声势浩荡、且是中国人亟待期盼已久的＂良知起义＂。
1,一定要做好防护措施，真的可怕
1,请大家关注温州永嘉打狗事件！！！在没有明确证据表明宠物会传染新冠病毒的情况下，假借国策之名，行罪恶之事，有组织地将家养的宠物狗活活打死！！动物跟我们一样，是平等的生命。人类的错误，不应该让动物替我们买单！！请以“国策之名”虐杀宠物的相关机构及时纠偏！
1,吃野味的那些人，要知道
1,我拉屎时候一听到水管有声音就吓得拉不出来
1,戴好口罩就行，其他都是扯淡。
1,卧槽！！光顾着蚊子吸血了，忘记还有苍蝇吃
1,血液的话…要多器官衰竭了的吧，毕竟ACE2在部分其他组织中的表达远远高于肺部…
1,这次疫情造成的心理阴影面积很大很大！！！
1,什么时候可以正常走动啊，在房间里憋死了，每天吃泡面，特别想吃饭店里的菜
1,哎，
1,我在家里发现一只蚊子我本来不想管它了现在我觉得我应该拍si它…
1,现在都有蚊子出现了  除了宠物动物外，这些不知道会不会传播
1,  为什么可以轻轻松松凭一纸红头文就可以打狗？打与不打，凭借当地政府就可以决定了吗？这种生杀予夺的行径和匪徒有何区别！
1,请国家立法，不仅仅要保护野生动物！还有狗！严惩那些滥杀无辜的人！尊重生命，敬畏生命！尊重自然！
1,疫情快点过去吧
1,我爱中国
1,这期间还有人去无偿献血么？？
1,以后还吃野味吗
1,乡镇政府将农村人员密集处的农家乐设为疫情观察隔离点是否合理？  重庆市巴南区接龙镇春龙村的“东龙度假村”是村里的一个农家乐。该农家乐不仅位于村里面的主要交通道路交汇路口，而且是一个人员密集处，前后左右都有人居住。该农家乐不仅没有化粪池还挨着河流，河流下游还有居住人员会直接饮用河水。
1,啊啊啊啊啊河南登封毕业班17开学，美其名为开学试点，我想知道在试什么！！！
1,春天后蚊虫就多了…会不会携带病毒？请务必在夏天来临前让疫情消失呀
1,比较关心“病毒载量非常高”这句…
1,我爱中国
1,目前得知，重症和死亡患者有基础疾病的比例非常高，那么，是否因为基础疾病曾服用过的药物对后续药物有抑制作用，也可以说是曾经服用过的药在体内协助病毒发展。那么可否先调查曾经用药，先把曾经留在体内的药物做抵消，改变机体环境再服用对抗新冠病毒的药物。​​
1,天天听新闻已经练出了九阳神功
1,同问，如果夏天病毒未自行消失，蚊子苍蝇叮咬会不会传播。
1,什么时候才能结束啊都快点好起来吧！这世界新一年刚开始又是山火又是地震又是病毒又是蝗灾……到底什么情况啊……快点结束吧！大家都平平安安的……
1,求求你们看看吧！狗做错了什么自己不注意凭什么伤害他们
1,老实待在家最安全
1,那是不是就相当于sars病毒+HIV的传染力？
1,如果有狗狗吃了怎么办
1,粪口传播，基本上注意卫生还是可以避免的吧
1,血液。。。呼吸道。。。粪便。。。现在的病毒都这么努力了么
1,万一有苍蝇帮传播那就更可怕了
1,所以做好个人防护吧
1,请大家关注温州永嘉打狗事件！！！已有各权威报道猫狗不会传染新冠病毒，假借国策之名，行罪恶之事，有组织地将家养的宠物狗活活打死！！动物跟我们一样，是平等的生命，都是地球的主人！人类的错误，不应该让动物替我们买单！！请以“国策之名”虐杀宠物的相关机构及时纠正！捕杀者请赔偿！
1,昨晚看CCTV13的新闻1+1节目，专家说现在核酸检测准确率已经不是很高了，建议全国都采用湖北这种临床病例确诊方法，否则会有越来越多的假阴性患者传染更多的人！！！
1,黄冈市红安县还在让党员上门给人量体，记录体温。上门会带来交叉感染，而且一线党员安全设施并不到位，不能保证自身安全，麻烦转发重视。党员愿意冲在一线，可上门测体温真不安全
1,只有湖北再开两会才能可防可控哦
1,看来这个病毒有点复杂  一定要做好防护
1,建议全国人大修改《刑法》、《传染病防治法》相关条文，对严重失职渎职、导致传染病传播或者流行、情节特别严重、给国家和人民造成巨大危害的，大幅度提高量刑标准。   ​​​
1,而且传染性更强
1,一会儿说没有萨斯严重，一会儿说又比萨斯难治，看不懂了
1,高福也不给我们科普了
1,我一直以为这次比sars症状轻这么一对比才发现其实是技术医术等各方面的进步
1,比sars传染高进展快潜伏期长。还活不活了
1,确实，进展很快
1,传染性太强了真的
1,对病毒的认识一天比一天深刻！感觉比SARS传播力强，比SARS更凶猛！千万不能侥幸大意，这玩意儿是真的要人命啊！
1,而且传染性更强
1,所有东西都是未知，在牛的专家也需要不断去研究它，过程中肯定会有很多变数，大家没必要一怎么就开骂
1,此次疫情与2003年的SARS、2009年的全球H1N1大流感相比，无论在破坏力还是反应度方面都已超出前两者。从更宏观的角度看，此次疫情也是对国家治理体系和能力的挑战和检验。
1,这个病毒真的太狡猾了太厉害了…
1,上次张定宇院长不是说，这病是自限性疾病，治愈率很高嘛。是不是一个专家一个说法
1,也就是说这个病毒的传染性，毒性都比sars强
1,病毒会引起心肌炎病直接猝死倒地这件事情，外网早就报道了！！！
1,轻症患者不需要焦虑，就跟普通感冒差不多？重症患者需要严加看护？轻症转重症的时间短？这样理解对不对？
1,要不是现在在病危病人有ECMO这种设备支持，要不然早就却氧死了。17年前国内基本没有这种设备，其实是高科技的医疗设备降低了死亡率，要不然这个病毒表现得要比SARS猛的多。
1,事情紧急成这样了，为什么不用中医，为什么？中医治愈率一定可以达到99.8%以上，而且毫无后遗症。请使用中医。
1,比Sars进展快？！传播力还更强  老天爷啊
1,还有人说，没有sars厉害，明明传播的那么快，非得死亡率高才能叫厉害
1,慢慢研究吧一会说这一会说那一直没个准信唯一希望就是能够报道事实心里还比较踏实仅此而己了
1,这才是专家说的是实话
1,那请尽快完成应收尽收生命熬不住啊
1,终于说实话了。
1,就算结论总随着研究变化而变化，但是能把事态的严重性，数据的真实性，告诉国民，提醒国民，让每个人都意识到比想象的严重，能更自觉防护，这是最重要的
1,SARS-COV-2
1,广西桂林，还有餐馆菜单上有野味，我拍了照片，艾特了广西的相关部门，但是影响力不大，没人管。我微博第一条就是，骗人死
1,请大量出院青年壮年患者及时捐献您宝贵的血浆，为防疫抗疫作出应有的贡献谢谢您的合作
1,而且传染力也强病毒也鸡贼……
1,不要再叫新冠了，正式下自己的错误，该承认就承认，这个病毒就是Sara，叫Sars-Cov-2，李医生从一开始就没有说错过
1,传染速度是最吓人的
1,轻的轻到没症状，重的重到来不及抢救，这是什么狗屁病毒啊艹
1,之前不是说比sars轻吗？？
1,都多少天了才释放出这样的信号，是一个更新的开始啊！！
1,这么多天下来了，好多地方已经松懈了，憋不住了，乱窜的人也越来越多了，希望地方政府继续加强宣传啊
1,请高福等第一批去武汉的专家给人民一个交代！
1,希望以后国家能把非典和新冠写进义务教育教科书，不仅要让学生们知道抗疫时百姓的平凡与伟大，医护工作者的艰辛，更要让他们懂得敬畏大自然，尊重生命。
1,瑟瑟发抖希望天气变暖能够对他有用
1,以前作战军人部队为主，这次疫情一线医护，一线基层人员为主。都是最勇敢的人保护着我们，谢谢您们的付出
1,这次疫情让我见识到了复制粘贴怪
1,从现在新型肺炎情况往前看，可以撸掉多少发出错误论断的专家，中科院院士，疾控中心，卫健委还有负有主要责任的领导！
1,从元旦知道这个病毒开始，我翻看了相关报道，就觉得这病比非典传染性高、症状重，觉得可能是大患。我亲戚一发烧导致肺炎半个月输液治不好，我就让她去郑大一附院检查看看别是这个肺炎，好在慢慢恢复了。他们还说我大惊小怪，到了年前几天，报道慢慢多了，我自己觉得可能会有几十万人感染，现在看来…
1,可笑的是导致全国蔓延如此严重的是人为手段
1,其实大部分人心里早有点数了。不敢说怕被扣个造谣的帽子罢了。终于有专家出来承认了么。
1,黄冈人民仍在努力配合不给社会不给国家添麻烦！希望春暖花开之日早点到来我们相约武汉共赏樱花
1,童老师德高望重，给出的都是最一线专家最专业的判断和治疗方案
1,不是说没有那个严重吗？
1,两方面，一传染快，二是当局者当初没重视
1,我特么怕了这几天心率加快
1,人民日报也够无聊的了，标题党
1,病毒面前人人平等，做好防护，不要存在侥幸心理。祖国加油！早日战胜病毒
1,第一批最早进驻武汉的专家呢？不追究么？还是放他们回去又写论文发表去国外的柳叶刀
1,加油武汉，加油中国
1,在武汉的我们真是害怕
1,我现在胸口堵，有疼痛感，咳嗽要不要去医院啊
1,能说出来总比不说好，可能认识病毒有个过程，就保护好自己吧，愿大家都平安健康
1,这次真的是被湖北ZF坑死了！湖北人民也可怜！大家都何其无辜！论一个好的地方ZF的重要性！
1,可是之前不是说没有SARS严重么。。。
1,哎怎么办呢
1,不容易
1,那前面说不严重的院士和官员是不是该依法处理？
1,太恐怖了，以后若有小孩一定引导他做研究，做个责任心强对社会对国家有用的人。
1,天天呆在家里，很多时候都觉得自己有这个病毒症状的错觉了
1,加油
1,肯定要比SARS进展快了，十七年过去了没点进步也至少涨了点经验吧？
1,等疫情过去了立个法吧谁吃野生动物卖野生动物谁判死刑！！！
1,难
1,唉
1,是我我会乐意的，毕竟我的治疗费也是国家出，献点血而已。
1,这次疫情让我见识到了复制粘贴怪
1,毕竟体内有大量抗体确实有用希望有康复患者能挺身而出
1,这次疫情让我们见识了人间百态，各种黑暗和各种奇葩
1,希望患者自愿捐赠！
1,呼吁用于研究，又不是强制治愈者，哪来的道德绑架
1,如果真的有用的话，那就太棒了
1,国家付出那么多救治患者，一听说要捐献血浆就有那么多人骂道德绑架！捐血浆不也是为了救助其他需要的患者吗，又不是医院拿去自己用了。真搞不懂这么人！再说也没人非拉着你去捐献，去不去靠自觉！
1,这个应该积极响应
1,有人会愿意的。跟献血差不多。不会造成什么伤害。看个人意愿，不过带节奏的给老子滚！
1,这个院长就是渐冻症那个血清抗体确实对研发抗体有用的
1,我看到了很多人没完成义务教育。。
1,国家卫健委第一批赴武汉专家组成员也必须追责，如高福、王广峰之流，他们第一时间赶赴武汉得知疫情，却只关心自己去外国杂志发表论文，还对公众说可防可控，导致没有及时隔离防控，病毒继续疯狂扩散至全国各地，给国家和人民带来巨大伤害!
1,理论上的确是可以的。不过要注意各种其他病的窗口期，否则事后就热闹了。
1,应该会有人乐意的
1,请把潍坊张某芳的血抽干别让他再祸害人了谢谢
1,这有什么好考虑的，就跟献血一样，义无反顾啊！
1,广东有个男孩就自愿捐献啦
1,曾经被救治过的朋友们，恳请你们捐赠血浆！也许，会有更多的同胞因此而被治愈！！！更多的家庭因此得以团聚！！！恳请！恳请！恳请！
1,我说话不中听，但是也要说一句，献个血而已，又不是拿你灌血肠。有那么要死要活吗，何况张院长说的“恳请”，明白什么叫恳请吗？
1,我看了半天也没看到带戾气的评论不知道大家谴责的在哪
1,广西桂林，还有餐馆菜单上有野味，我拍了照片，艾特了广西的相关部门，但是影响力不大，没人管。我微博第一条就是，骗人死
1,血浆是血吗？国家花了这么多人力物力，来救，我觉得，捐点血浆还是很容易的事噢，本来献血对身体都很好，可以促进啥子生成啥子，我忘了，大家别怼我，纯属个人看发
1,干脆不捐的人麻烦把医药费结算一下
1,麻烦那些“明知自己感染发热还四处乱跑，恶意传染他人”的患者在“身体已经康复，可以达到捐献标准”的情况下，强制抽血比如说张某芳
1,如果能找到自然免疫者，这个人的抗体才最有用。
1,或许出院前问一下意见，然后直接抽了
1,要是身体吃得消，真的可以尝试一下，里面的抗体有很大帮助啊！
1,献血对身体是有一定好处的！生物老师应该都给大家讲过吧！
1,这有啥道德绑架的，患者不是国家出钱治好的？再说了又不是强制，呼吁而已，不要学个词就到处用
1,希望可以帮助更多的人，我和我的祖国一刻也不能分割
1,新冠病毒感染后，人体的免疫系统会产生抗体，并存在血液中，通过与病毒的某些蛋白结合，并与免疫系统的其它功能配合，可以使病毒无法再感染人体的正常细胞，共同完成对病毒的清理。把健康人的血液抽出来，经抗凝、离心后拿掉血细胞，剩下的液体就是血浆，血浆中含有抗体，可以用来对其他病人进行治疗
1,谢谢白衣天使的付出，你们辛苦了
1,不知道为什么  今儿分  最感动的一个话题
1,辛苦了！永远不会忘记你们的付出！
1,对不起，想请问一下为什么要剪头发呀
1,讲道理，真的酷
1,“要是理成板刷，我回上海结婚就是最酷的新娘了吧”
1,我爸也要去支援武汉了，他地中海发型
1,我是不是在家憋太久疯了？？我一个女的看着几个姑娘的后脑勺竟有一丝丝心动……
1,你们才是最美的小哥哥小姐姐！！！！
1,帅的很，加油
1,好帅的！！！
1,好心疼前辈们啊，有一头浓密的秀发是学医人永远的追求啊，无论无何我都舍弃不了我的头发
1,想哭，真是年纪大了越来越感性
1,借楼谢谢！！！！大家不要忘了余甜！！华南市场的美女老板人美声甜超可爱！！这么多的人命，到现在都不出来背锅！！水能载舟亦能覆舟！我们老百姓也是人啊！！！！
1,感动！致敬奋战一线的白衣战士！你们一定要平安归来
1,请关注温州市永嘉县金溪镇黄山村全村打狗事件
1,请关注一下海南的疫情死亡情况吧越来越多了
1,你们是最美的
1,以后再也不抱怨堵车了，那才是国泰民安，再也不嫌人潮人海了，那才是繁华盛世，再也不抱怨工作辛苦，工作的辛苦远比懒惰的生活更让人幸福，任何事物只有动起来才有价值，愿山河无恙，众生皆安。
1,你好报报、因为疫情我老家的我妈妈的奶奶97岁了生病了、村里小诊所都关门了、而且封村了、我妈的奶奶需要打吊针不然就熬不过去了、可以帮帮忙嘛、在安徽蒙城常兴
1,请一定平安！！！！！！
1,可惜这些发型永远是学校老师和主任眼中的“怪异发型”
1,好看的或许不是发型本身，而是他们本就是勇士
1,谢谢一线的英雄们请一定要平安！
1,謝謝伱們！請一定要平安回家！
1,她们真的好苦啊
1,“等回上海结婚，我一定是最酷的新娘”看到了这句实在忍不住了
1,不如给这个发型起个独特名字？
1,平安！
1,我男朋友他们接到通知全部封闭执勤直到疫情结束才能回家昨天也都剃了光头还挺帅的
1,最美的样子！辛苦了
1,请一定平安
1,恕我无知，交叉感染跟头型有啥关系啊
1,让我们一起在武汉，从头开始
1,邓紫棋之前就剪过这种头
1,女孩子真的很爱自己的头发啊真的很伟大
1,最酷的你们❤
1,你们很酷，很漂亮，一定要平安归来！
1,都是最靓的仔
1,你们超漂亮的！！！
1,一样遮挡不住你们的美
1,90后老人听不得这些
1,平安归来，早日团聚
1,谁和我一样每天早上睁开眼睛都抱着手机观看数据变化，希望越来越少
1,你妈妈一定会平安回家的！
1,这是什么神仙妈妈的教育才能有这么优秀懂事成熟的孩子呀妈妈一定要健康回来
1,真不容易愿你们平安
1,这是一个“团结”的大家庭!
1,疫情结束后希望年青人树立正确人生导向，把高薪留给一线科研人员，演艺明星是强不了国的。这次疫情，实业界科技界以亿为单位捐赠，演艺界除了韩红，演艺明星们并末涌跃捐赠，体育明星也没见几个捐款的!。以前成名了捞够的都移民了。国家兴靠教育科技医疗，所以要树立全民崇尚医生，科学家，教师，军人
1,真是不听话啊，聚啥聚啊
1,我跟爸妈家里憋了快一个月就出去3次买菜每次控制在40分钟以内你们这些人头真铁自己作死连累别人让整个蚌埠蒙羞我们蚌埠人不是都这样的我们也有乖乖听话的
1,还tm聚还tm聚还tm聚还tm聚。
1,1月25日还聚餐？这个有点说不过去了吧？
1,25号是大年初一吧？好像很多人还没有意识到，形势也没这么严峻~~
1,我真的服了蚌埠，三月份我还要去上学呢
1,批的好！但是能不能也发点安徽援鄂的新闻呢？去了四批医务人员捐赠了不少物资，从来没报道过，全是负面新闻，心好累啊
1,安徽注意的太晚了，不不，还是蚌埠注意的太晚了
1,…妈的25号还聚积
1,蚌埠领导不作为！管理非常松懈
1,对比蚌埠的人口和病例数，蚌埠市zf明显工作不到位
1,25日了。还聚餐。要是18日前不知道聚餐还情有可原。不知道说啥了。只愿平安。医护人员太累了。辛苦了。致敬
1,蚌埠
1,我服了这些人。还聚会。真得。浪费国家人力物力。。我亲戚他们就是医生。我们这四线城市都去了第四批支援了。。能省心点吗
1,这几率
1,大哥，抽烟，这劲大！
1,卧槽，全家感染
1,那天正好春节安徽这边确实都不当回事！我家亲戚也非要留着吃饭我不同意还被我妈说没礼貌
1,一个成熟的人往往发觉可以责怪的人越来越少，人人都有他的难处。――亦舒
1,中央赶紧好好治治蚌埠吧
1,没啥好喷的，各地政府响应时间不一样吧。坐标南京郊区，二十九去超市买年货，还人挤人，没人戴口罩。武汉的事情都有耳闻，但如果自己地区没有呼吁，应该很多人都不会重视吧。就是年初一启动一级响应了，才知道要乖乖在家待着，疫情已经全国蔓延了
1,不是说了不要聚不要聚，咋总是不听呢
1,不奢求同工同酬也不奢求落实编制，但求待遇别天上地下，适当提高一下街道劳务派遣、医护劳务派遣合同工以及社区工作人员的工资吧，基本上一个月就两千出头，还没有公积金奖金绩效啥的，干活儿真的没比别人少干呢
1,理当如此
1,临时工有个屁绩效，更别说同工同酬了。
1,数字越透明才好不可怕，数据逐渐接近真实，希望那些在家自隔离的人都被收治
1,这个时候好想来一句，真的吗，我不信……就算有，这补助也是给在编的人吧，我们社区都是没编制的，每天干的比办事处那些有编制的多多了，他们是我们的领导，创文的补助也没给我们发过，真的是心累，想考走，可是今年这省考我也不用想了，出路在哪里呢
1,这才是好政策！！！工资也要奖励落实
1,非公务员非在编人员同工同酬，打破常规绩效机制
1,疫情结束后希望年青人树立正确人生导向，把高薪留给一线科研人员，演艺明星是强不了国的。这次疫情，实业界科技界以亿为单位捐赠，演艺界除了韩红，演艺明星们并末涌跃捐赠，体育明星也没见几个捐款的!。以前成名了捞够的都移民了。国家兴靠教育科技医疗，所以要树立全民崇尚医生，科学家，教师，军人
1,社区人员怎么算？？？
1,确实要这样
1,一线工作人员非在编的占大部分，到手的工资却是在编人员的一半不到，更别提绩效了，如果真有这种操作请全国实施，让一线的人也有点安慰
1,哪个部门不爱干的活，全都给社区，老百姓的不理解，领导的不心疼，社区工作者真心好累～天天加班到半夜，上级部门的反反复复换表，真的希望有关领导能看到社区所做的工作，能重新明确的规划一下社区到底该做什么工作，不要什么社区该做不该做的都让社区做，做好了没人说，做不好都挨骂
1,不能欺负老实人
1,责任社区担好处街道拿什么时候能够社会分配相对公平??真正到群众中去的还不是只有社区吗
1,所以，在一线的非在编人员也享受这项福利吗？
1,看到有人在争编制的问题，我们单位的没编的很多都很清闲，不是正式的也没什么责任，比如这次干部下沉去防疫工作也都是叫正式干部去，不会让没编制人员去做。如果真的是同工的话我觉得要给提高待遇的，但是同工同酬的话，别人辛苦考的编制难道一毛不值吗…
1,社区呢？网格员呢？协警呢？一样辛苦吧
1,所以大年三十起一直上班到现在没休息过的乡镇基层临时工一直入村排查的就不配有任何补助吗
1,临时工上班都不给钱，我也天天上班啊
1,社区社区社区社区社区，从腊月二十九到今天每天高强度工作16小时，快累死了，才两千……能不能看见啊……
1,赞，一定要执行到位
1,临时工，国企员工，派遣制员工等绝大部分都是一线，我不太相信他们事后会有绩效…唉。
1,对一线医护人员，人民警察，公务员，医术研究人员，及走在最前线的为了民生方面服务的辛勤工作人员加薪，不要让明星拿着高薪战役来了无事可做
1,想问问基层社区的工作人员，没编制一样入户排查的这种有没有补贴？我们又不是公务员，没加班费的时候说参公，拿公务员四分之一工资的时候就不提参公了再者，工作站编制比没编制的多了一半的工资和公积金！希望通过这次看到我们有在辛勤工作，看看我们的待遇啊！
1,想问一线事业单位的非编人员呢？
1,编制内不干活、脏活累活全给编外干，那我请问国家养你这些编制内的不是浪费资源？
1,这段时间社区大量一线人员都是非在编的，社区工作者，三支一扶，西部计划，而公务员和事业编都是他们的领导。
1,女性医护人员与患者需要大量卫生巾和安心裤。
1,一线的人员辛苦了
1,祝平安中国加油武汉加油致敬一线医护人员辛苦了
1,可以的，待遇问题一定要调整
1,加油
1,也就是说等疫情结束后，我们要被隔离十四天依旧算我们的工时
1,加油！！！
1,加油啊
1,不可能落实的，一天200，隔离14天就一人2800，不上班还给2800，上班的就肯定不干，唉
1,我们乡镇的现在在防疫一线，防疫结束，各部门马上就会下各种任务，没有一丝喘息机会。
1,尽快落实！
1,看看编外合同工吧同工不同酬
1,加油，这次一定能过这个坎
1,不管是不是在武汉的工作者，现在是医生为我们撑起来一片天了
1,期望这份福利只有所谓的职工才有，也看看那些合同工吧，大家都是抗击在疫情一线，最后如果只有职工有。心寒啊
1,文盲只能喊，中国加油。
1,加油！
1,这个没毛病
1,好
1,求落实护士的同工同酬
1,请让他们别被病毒带走！保护好他们！
1,正在严格遵守自我隔离14天的我，被非常“搞笑的人”劝说，偷偷出去上班。呵，这类人员可以限制
1,辛苦了
1,加油
1,向一线工作人员致敬
1,很多事业单位人员，吃的是草，挤出来的是奶……
1,给一线人员多发些津贴奖金吧，他们太难了
1,希望这次勇敢奔赴湖北防疫一线的合同工医护人员，可以转为正式编制
1,劳务派遣也被安排到第一线，没绩效没福利，但愿意为国抗疫贡献一份力，不奢求国家给予同工同酬，只希望国家不会忘记像辅警一类默默奉献的人。
1,同工不同酬这么不公平的事情还有人辩护？！编制就是利益群体的自我保护吧？！除非编制的人能有更多的贡献，不然这种制度的意义是什么，拿纳税人的钱保护既得利益者？
1,希望有天能取消编制   同工同酬吧
1,已经连续12天上班的劳务派遣能享受这些嘛
1,对冲在一线的同志就应该大力奖励
1,太好了
1,应该的
1,这个真的好，一线工作人员都辛苦了！加油
1,付出永远要和回报成正比
1,苏州对医护人员待遇一降再降
1,以后多投资建公立医院，关键时候私立医院靠不上！
1,那必须这样啊，光让人家出力气，没有好处谁干啊
1,同工同酬说说而已的
1,责任社区担好处街道拿什么时候能够社会分配相对公平??真正到群众中去的还不是只有社区工作人员吗！！！！
1,同工同酬是我们国家提的，但自己执行的时候为什么总会区别对待？文明城市的时候，社工累死累活才发几千，其他意思意思的在编人员发几万，估计这次防疫也一样，一线社工出生入死，干的最苦没发多少，其他事业编、公务员得发好几万，一句话，谁叫你没编
1,害人害己
1,能否让这群不在乎的人自费医疗？然后上征信
1,一根藤上七憨批
1,发病不去医院？？？？神经
1,【不在意】？？？？
1,这种人不在少数
1,一人得病  全家团灭可长点心吧
1,这种人不用治了，脑子有问题，心理也有问题，治不好的，浪费社会资源
1,这一家七口自己感染自找的也就算了，但他们还去上班去超市？！？！感染多少无辜的人
1,别治肺了，先治治脑子吧
1,这种让他们自费吧
1,接触过确诊患者，而且已被通知，还没被隔离，还能到处出去传染人，这防控的啥
1,这七个人又传染了多少别人……
1,关键是他们7个又接触了多少人？
1,我无话可说
1,就是密云那家  .......本来密云没病例  然后知道亲戚确诊了  大人发烧不去医院过了几天孩子发烧才去  各种逛...
1,之前亲戚感染了，没有排查密切接触者？
1,那些说我博眼球的听好了，我们海南医疗落后，设备落后，而且也刚去了好几批医护人员去了湖北武汉，我们全省就剩下4个市县是空白的了，三亚，海口，儋州，澄迈，临高这几个地方以及农村都有涉及到了，只是没有那么多人关注
1,这事怎么会发生在北京！大家意识不都挺高的么？
1,这种俗称连窝端，放在从前叫灭户
1,在已知和确诊病例接触过的情况下，不在家隔离，还到处乱窜？为什么不设立指定隔离地点？不强制隔离？没有吸取武汉的教训啊。。。这算不算危害公共安全？
1,整整齐齐的憨批们
1,魔幻
1,我觉得不该全怪这一家人，毕竟所在城市的大环境也不怎么紧张
1,疫情得不到控制都是毁在这些人身上的
1,我大密云就这样登上了人民日报
1,曝光一下他们的行动轨迹吧！
1,一点觉悟都没有，害人害己，又来浪费医疗志愿，让他们居家自生自灭好了！
1,他们不把别人的命当命，别人也用不着把他们的命当命！拉出来，让大家过瘾吧！
1,这种让他自费吧！神经病，也不知道传染了多少人了，隐瞒罪！
1,密切接触者是否有效隔离和管控，是疫情能否尽快结束的关键。
1,都抱着侥幸
1,在明知自己为密切接触人群，还故意去超市，不是应该判刑吗？！
1,不在意？说的太轻了。其实就是明知道自己可能感染了仍然出入各种场所，造成病毒的再次传播！其他省市会依照妨碍公共安全罪把这类明知自己得病或疑似，却不自我隔离，继续出入公众场所的人绳之以法。北京也有这样的规定！
1,就是因为有这些人存在，感染人数增多
1,这一战，我们一定会赢！武汉加油！中国加油！战胜新冠肺炎的中国一定会更强！我们会说，“我们做到了除中国以外，世界上任何一个国家都做不到的事情！”万众一心，不胜不归！加油！加油！加油！
1,要抵制抗疫战争中的形式主义，马“总”一走，真实数据出来了！加油武汉
1,为你们自豪！！！
1,这场仗已经看到了胜利的曙光了，只差一点了，加把劲！
1,致敬，我们能行，加油中国
1,加油！
1,不明白所以然的我给读成  抗疫MV热出血征
1,加油！
1,你心里觉得这次能撑过去，我们这个国家才能撑过去。
1,【这一战，我们一定能赢！】中国加油！
1,我们共患难，风雨同舟！
1,这个视频看了一遍又一遍，总是会想起来那句，后世记载，庚子鼠年，楚地疫害为祸城内，为国，封一城！城门下十万白袍医者携雷火二异兽，年夜入城驱敌！鼓响，矛起。众医者，死战不退！！
1,热血啊，听的我一腔热血澎湃啊，宇宙也灭不了我大中国啊，中国加油，武汉加油！
1,中国加油！
1,这一战，我们一定能赢！
1,差点看哭了一定要保护好我们的钟老
1,现在疫情这么严重还做损人不利己的事
1,发国难财biss
1,这么多假口罩真的是服了什么钱都赚
1,严惩，加油
1,咱生产点真口罩会死吗……
1,0.6元买1元太良心价，问一下处罚单位，门店租金、人员、电费等都需成本，洪湖市监局滥用职权!严惩处理。
1,判死刑
1,使劲查！！！上次我在淘宝买的口罩！直接装快递袋里就发过来了！寄过来的口罩薄的要死根本不能带。最后那家店被查啦！！！
1,支持严惩
1,这帮人我建议直接火化
1,干得漂亮，特殊时期，从重处罚！
1,这么多，造假的不怕自己或者家人买到嘛
1,疫情结束后希望年青人树立正确人生导向，把高薪留给一线科研人员，演艺明星是强不了国的。这次疫情，实业界科技界以亿为单位捐赠，演艺界除了韩红，演艺明星们并末涌跃捐赠，体育明星也没见几个捐款的!。以前成名了捞够的都移民了。国家兴靠教育科技医疗，所以要树立全民崇尚医生，科学家，教师，军人
1,一定要严查
1,挣国难钱！！！坚决打击！！！！！
1,假口罩老百姓能用吗实在买不到口罩
1,被狗吃了哎
1,干得漂亮
1,太可怕了，这些造假的人，没有良心
1,赚黑心钱biss
1,没良心的人制作假口罩
1,严惩！！
1,这些人没有❤️
1,建议火化，发国难财
1,太难过了
1,必须严惩
1,发国难财就罚到他倾家荡产
1,建议死刑
1,那怎么办，我在朋友圈跟一个认识的买了50个，她说绝对没賺钱，就是帮人家卖的，而且保证是医用，我能信吗？
1,然而很多公司发给职工的口罩就是那种薄的跟纱一样的劣质口罩
1,太难了！一边抗疫情一边打假
1,必须严惩！
1,我只想说干的漂亮
1,国难财，严惩！
1,赚这种钱真的不怕没命花吗？
1,转发微博
1,淘宝店名都没有销量两位数的也看看吧，劣质产品倒是还好大不少当防尘用，就怕有二手的
1,疫情果然是一把照妖镜
1,好气好气好气
1,中国加油
1,人性
1,感谢在前线工作的你们，请严惩这些发国难财的人
1,朋友圈高价口罩多的是  都是万起接单
1,中国生意人我不做也有人做
1,发国难财的人都该拉出去打一顿！！！
1,谋财害命
1,这是售假的，算情节恶劣及给社会带来严重影响，从重处罚吧！
1,这些人太丧良心了建议枪毙吧留着也是祸害
1,坚持依法防控
1,浪费资源谋财害命影响国安应定重罪
1,果真病的不是他自己
1,国难财你们花的时候心安吗？
1,严惩，做假口罩的真是病毒的亲戚啊
1,有这产能做点真的口罩不好吗？
1,f4-2＝？
1,国难当头，严惩不贷。
1,可是买不到口罩呀犯罪分子就是利用百姓口罩短缺继续口罩这个心理才狠赚了一笔
1,祸国殃民罪不容诛！
1,药房买不到，然后网上不发货，微商那里还坑蒙拐骗，好不容易熟悉的人那里拼买，还是假的……我们小老百姓真就这样
1,要重惩！
1,发国难财，一辈子遭殃，做些损人不利己的事情！等天收吧！
1,太多人想发财了
1,没抢口罩的时候在药房花了3块，买了一包20只的一次性口罩…现在，别说贵了，抢都抢不到
1,发国难财，严惩。
1,关到死吧
1,这么多家口罩真的看到这个心碎了哎
1,如果做真的多好
1,转发微博
1,有好人就有坏人，只是没想到那么坏，坏到臭不要脸了。
1,国难财也发，没良心
1,一块钱的口罩都被罚了
1,那为什么昨天那个卖一块一个的被罚款？
1,所以洪湖市一元的口罩为什么要罚款
1,一块钱一个被举报然后自己卖两块？？太魔幻了吧
1,？？？涨价15％不可以，涨价100％就可以了？？？
1,前两天惩罚一元口罩的，出来受罚吧！
1,1元一个带动不了GDP所以罚款
1,进价1块售价2块，这可远超15%啊，给之前被罚的药店道歉了吗…
1,你进1元卖2元为什么别人进6毛卖一块要被罚，说是哄抬物价？
1,1元被罚，2元没事，牛逼！！！
1,一元的口罩罚款，哄抬价格！政府投放市场口罩2元？讽刺谁？还让不让老百姓生活？
1,只许州官2元，不准百姓1块
1,要不要给之前一块钱的一个交代呢
1,小心湖北红十字
1,真香  人家0.6进价1块卖被罚这个得被罚多少
1,所以前几天1元被罚那个还卖便宜了？
1,进价0.6元/只，卖价1元/只，购销差价额超过15%，构成哄抬物价行为；进价1元/只，卖价2元/只，算平价销售？？？这是什么逻辑？？？​​​
1,人家卖一元，你们罚了拿来卖两元！湖北这事儿干的漂亮
1,你不能卖1块，因为我要卖2块
1,不要脸啊，自己赚一块没事，赚4毛就罚
1,笑死人了，人家进价6毛卖1元的被罚了，你进价1元卖2元的就合理？？？
1,1元进货价卖2元！6毛卖1元被罚
1,自从这个病毒出来以后，政府做的一些事的确很迷
1,涨价，罚
1,6毛进价卖一块被处罚，1块进价官方卖2块？我寻思你这涨的更多啊
1,昨天卖一块那个被罚款了，建议查一下
1,昨天罚人家卖1元的。今天自己这边要求卖2元。讲道理你们hbzf是不是自虐情节，天天扇自己脸。你们真的有把普通人放在心里吗？
1,所以洪湖市0.6进货卖1块被罚是什么情况？
1,一块的被罚然后你卖两块？
1,那个一块钱一片的，最好还人家一个公道，特殊时期真的难得
1,一元的口罩被抓，政府发放两元一个，不打脸吗？
1,洪湖的咋个办啊请问
1,口罩生产只需要几分钱一只，现在进货价都1元。呵呵
1,这个不算哄抬口罩价格吗？？按你们自己定的标准？？？
1,湖北6毛进价卖1块被罚是怎么回事？
1,洪湖一元一只属于低价倾销，所以罚款
1,国难财不是谁都可以赚的，政府主管部门就可以，妙啊
1,口罩总会越来越多的！！！希望过几天我也可以买到
1,那个一元一个还被罚款的药方是真的惨
1,好消息
1,好消息
1,真棒啊啊啊啊！！！！
1,好样的！
1,好！都得好！
1,加油
1,东北小姐姐！
1,官媒每天一片祥和微博帖子求救一片
1,珍贵物资，请严控落实到一线，必不辜负所有捐赠心意
1,武汉中心医院告急！！医用N95早就没有了，工业n95在重复使用！薄如蝉翼的防护衣也都没有了，更别说医用防护衣！这个医院已经有多名医护感染并发展为重症，别让其他医生再赤膊上阵，这是用命在填啊！！帮帮他们！！
1,感恩
1,请谨记我的姓名是炎黄